-- phpMyAdmin SQL Dump
-- version 5.2.1
-- https://www.phpmyadmin.net/
--
-- Host: 127.0.0.1
-- Generation Time: Jan 09, 2025 at 07:33 PM
-- Server version: 10.4.32-MariaDB
-- PHP Version: 8.2.12

SET SQL_MODE = "NO_AUTO_VALUE_ON_ZERO";
START TRANSACTION;
SET time_zone = "+00:00";


/*!40101 SET @OLD_CHARACTER_SET_CLIENT=@@CHARACTER_SET_CLIENT */;
/*!40101 SET @OLD_CHARACTER_SET_RESULTS=@@CHARACTER_SET_RESULTS */;
/*!40101 SET @OLD_COLLATION_CONNECTION=@@COLLATION_CONNECTION */;
/*!40101 SET NAMES utf8mb4 */;

--
-- Database: `enrollment_system`
--

-- --------------------------------------------------------

--
-- Table structure for table `access_tokens`
--

CREATE TABLE `access_tokens` (
  `id` int(11) NOT NULL,
  `user_id` int(11) NOT NULL,
  `token` varchar(255) NOT NULL,
  `created_at` timestamp NOT NULL DEFAULT current_timestamp(),
  `expires_at` timestamp NOT NULL DEFAULT '0000-00-00 00:00:00'
) ENGINE=InnoDB DEFAULT CHARSET=utf8mb4 COLLATE=utf8mb4_general_ci;

--
-- Dumping data for table `access_tokens`
--

INSERT INTO `access_tokens` (`id`, `user_id`, `token`, `created_at`, `expires_at`) VALUES
(1, 1, 'eyJ0eXAiOiJKV1QiLCJhbGciOiJIUzI1NiJ9.eyJpc3MiOiJ5b3VyX2FwcF9uYW1lIiwiYXVkIjoieW91cl9hcHBfYXVkaWVuY2UiLCJpYXQiOjE3MzUxODY5OTYsImV4cCI6MTczNTI3MzM5NiwidXNlcklkIjoiMSJ9.QIPfmZyg24becS9rK7mr6KG_FcTzQZTubnCmcuqRiwg', '2024-12-26 04:23:16', '0000-00-00 00:00:00'),
(2, 4, 'eyJ0eXAiOiJKV1QiLCJhbGciOiJIUzI1NiJ9.eyJpc3MiOiJ5b3VyX2FwcF9uYW1lIiwiYXVkIjoieW91cl9hcHBfYXVkaWVuY2UiLCJpYXQiOjE3MzUxOTA1NjEsImV4cCI6MTczNTI3Njk2MSwidXNlcklkIjoiNCJ9.zjax3FFuT1KJECEvQp1kmBBnhhfLt--UcRRnmtgP6s0', '2024-12-26 05:22:41', '0000-00-00 00:00:00'),
(5, 1, 'eyJ0eXAiOiJKV1QiLCJhbGciOiJIUzI1NiJ9.eyJpc3MiOiJ5b3VyX2FwcF9uYW1lIiwiYXVkIjoieW91cl9hcHBfYXVkaWVuY2UiLCJpYXQiOjE3MzUxOTY4MTAsImV4cCI6MTczNTI4MzIxMCwidXNlcklkIjoxfQ.uDyxCsZM7t_Izjb6PSQLh2EtCZVZw4on8etybRumdoM', '2024-12-26 07:06:50', '0000-00-00 00:00:00'),
(6, 9, 'eyJ0eXAiOiJKV1QiLCJhbGciOiJIUzI1NiJ9.eyJpc3MiOiJ5b3VyX2FwcF9uYW1lIiwiYXVkIjoieW91cl9hcHBfYXVkaWVuY2UiLCJpYXQiOjE3MzUxOTg2MjYsImV4cCI6MTczNTI4NTAyNiwidXNlcklkIjoiOSJ9._70MpusgnIR9NOf9BYN4gDdCWZkPgoQCWvLUKWLrbA0', '2024-12-26 07:37:06', '0000-00-00 00:00:00'),
(7, 9, 'eyJ0eXAiOiJKV1QiLCJhbGciOiJIUzI1NiJ9.eyJpc3MiOiJ5b3VyX2FwcF9uYW1lIiwiYXVkIjoieW91cl9hcHBfYXVkaWVuY2UiLCJpYXQiOjE3MzUxOTg2NTAsImV4cCI6MTczNTI4NTA1MCwidXNlcklkIjo5fQ.4qkVZucYXXtYOaPGOgGnPgcEdwgRaxXEb1LGYDpM-Cg', '2024-12-26 07:37:30', '0000-00-00 00:00:00'),
(8, 5, 'eyJ0eXAiOiJKV1QiLCJhbGciOiJIUzI1NiJ9.eyJpc3MiOiJ5b3VyX2FwcF9uYW1lIiwiYXVkIjoieW91cl9hcHBfYXVkaWVuY2UiLCJpYXQiOjE3MzUyMDE3MzQsImV4cCI6MTczNTI4ODEzNCwidXNlcklkIjo1fQ.xoMYofAWv2PIGZtwOWxlcuskjCklamjN45a6fGjRjfg', '2024-12-26 08:28:54', '0000-00-00 00:00:00'),
(9, 12, 'eyJ0eXAiOiJKV1QiLCJhbGciOiJIUzI1NiJ9.eyJpc3MiOiJ5b3VyX2FwcF9uYW1lIiwiYXVkIjoieW91cl9hcHBfYXVkaWVuY2UiLCJpYXQiOjE3MzUzNzM1NDAsImV4cCI6MTczNTQ1OTk0MCwidXNlcklkIjoiMTIifQ.yjAKF9wlkb9klZ39T4qgqE7MGp6qnvMQvSzLN_l6voY', '2024-12-28 08:12:20', '0000-00-00 00:00:00'),
(10, 12, 'eyJ0eXAiOiJKV1QiLCJhbGciOiJIUzI1NiJ9.eyJpc3MiOiJ5b3VyX2FwcF9uYW1lIiwiYXVkIjoieW91cl9hcHBfYXVkaWVuY2UiLCJpYXQiOjE3MzUzNzQxNDgsImV4cCI6MTczNTQ2MDU0OCwidXNlcklkIjoxMn0.JjmHVwMkDZy8IPTM65OCLu4z57H7nGLNhxzwEwYehlo', '2024-12-28 08:22:28', '0000-00-00 00:00:00'),
(12, 12, 'eyJ0eXAiOiJKV1QiLCJhbGciOiJIUzI1NiJ9.eyJpc3MiOiJ5b3VyX2FwcF9uYW1lIiwiYXVkIjoieW91cl9hcHBfYXVkaWVuY2UiLCJpYXQiOjE3MzUzNzQ4MjYsImV4cCI6MTczNTQ2MTIyNiwidXNlcklkIjoxMn0.TMXXjgIEwj4LhYkedQjvZNLabJXrYXPnZCb4yH8hAOc', '2024-12-28 08:33:46', '0000-00-00 00:00:00'),
(13, 12, 'eyJ0eXAiOiJKV1QiLCJhbGciOiJIUzI1NiJ9.eyJpc3MiOiJ5b3VyX2FwcF9uYW1lIiwiYXVkIjoieW91cl9hcHBfYXVkaWVuY2UiLCJpYXQiOjE3MzUzNzQ4MjksImV4cCI6MTczNTQ2MTIyOSwidXNlcklkIjoxMn0.N5sPs1DpqgtkmKis6X9ykhT4p4q_rvYPZkOd35BCpPk', '2024-12-28 08:33:49', '0000-00-00 00:00:00'),
(14, 12, 'eyJ0eXAiOiJKV1QiLCJhbGciOiJIUzI1NiJ9.eyJpc3MiOiJ5b3VyX2FwcF9uYW1lIiwiYXVkIjoieW91cl9hcHBfYXVkaWVuY2UiLCJpYXQiOjE3MzUzNzQ5MDIsImV4cCI6MTczNTQ2MTMwMiwidXNlcklkIjoxMn0.z6Ub7a9VXCtmDsjVyT0357EJ87ZWXj-vy_W-AnXMV7k', '2024-12-28 08:35:02', '0000-00-00 00:00:00'),
(15, 12, 'eyJ0eXAiOiJKV1QiLCJhbGciOiJIUzI1NiJ9.eyJpc3MiOiJ5b3VyX2FwcF9uYW1lIiwiYXVkIjoieW91cl9hcHBfYXVkaWVuY2UiLCJpYXQiOjE3MzUzNzUxMzcsImV4cCI6MTczNTQ2MTUzNywidXNlcklkIjoxMn0.L-yuO-NFZI4X4FyWfgrnzFIUEccDGMkpjR-sG47ph9g', '2024-12-28 08:38:57', '0000-00-00 00:00:00'),
(16, 12, 'eyJ0eXAiOiJKV1QiLCJhbGciOiJIUzI1NiJ9.eyJpc3MiOiJ5b3VyX2FwcF9uYW1lIiwiYXVkIjoieW91cl9hcHBfYXVkaWVuY2UiLCJpYXQiOjE3MzUzNzUzMjQsImV4cCI6MTczNTQ2MTcyNCwidXNlcklkIjoxMn0.FTW7h5g5Ugq3gCrTRVjSm3hAzhmQ6REmWFevc7rMDmc', '2024-12-28 08:42:04', '0000-00-00 00:00:00'),
(17, 13, 'eyJ0eXAiOiJKV1QiLCJhbGciOiJIUzI1NiJ9.eyJpc3MiOiJ5b3VyX2FwcF9uYW1lIiwiYXVkIjoieW91cl9hcHBfYXVkaWVuY2UiLCJpYXQiOjE3MzUzNzY1MDAsImV4cCI6MTczNTQ2MjkwMCwidXNlcklkIjoiMTMifQ.JuQUwwa8hqt0EO0ixeThp-yRwPF7Qn_Ot-jeRwtMrmY', '2024-12-28 09:01:40', '0000-00-00 00:00:00'),
(18, 7, 'eyJ0eXAiOiJKV1QiLCJhbGciOiJIUzI1NiJ9.eyJpc3MiOiJ5b3VyX2FwcF9uYW1lIiwiYXVkIjoieW91cl9hcHBfYXVkaWVuY2UiLCJpYXQiOjE3MzUzNzY2NDcsImV4cCI6MTczNTQ2MzA0NywidXNlcklkIjo3fQ.56N6xLf1lbQwd61Y-WHg3-WwqvdQOdk6K4gn7RQB3YQ', '2024-12-28 09:04:07', '0000-00-00 00:00:00'),
(19, 5, 'eyJ0eXAiOiJKV1QiLCJhbGciOiJIUzI1NiJ9.eyJpc3MiOiJ5b3VyX2FwcF9uYW1lIiwiYXVkIjoieW91cl9hcHBfYXVkaWVuY2UiLCJpYXQiOjE3MzUzNzY4MDYsImV4cCI6MTczNTQ2MzIwNiwidXNlcklkIjo1fQ.LXZKz6RPAuQ1q6s7AIwaeKDQnlksjQYld3A4VXPemqQ', '2024-12-28 09:06:46', '0000-00-00 00:00:00'),
(20, 1, 'eyJ0eXAiOiJKV1QiLCJhbGciOiJIUzI1NiJ9.eyJpc3MiOiJ5b3VyX2FwcF9uYW1lIiwiYXVkIjoieW91cl9hcHBfYXVkaWVuY2UiLCJpYXQiOjE3MzUzNzc4NTgsImV4cCI6MTczNTQ2NDI1OCwidXNlcklkIjoxfQ._84h5H2RdesRhbRfU0ne5jyN9Jw5UE7gAnvP0GGmERU', '2024-12-28 09:24:18', '0000-00-00 00:00:00'),
(21, 5, 'eyJ0eXAiOiJKV1QiLCJhbGciOiJIUzI1NiJ9.eyJpc3MiOiJ5b3VyX2FwcF9uYW1lIiwiYXVkIjoieW91cl9hcHBfYXVkaWVuY2UiLCJpYXQiOjE3MzUzODY5MDEsImV4cCI6MTczNTQ3MzMwMSwidXNlcklkIjo1fQ.C996yRoKXBXi34dGITss0rimnjGW1xGGCuXBkTjxvyQ', '2024-12-28 11:55:01', '0000-00-00 00:00:00'),
(22, 1, 'eyJ0eXAiOiJKV1QiLCJhbGciOiJIUzI1NiJ9.eyJpc3MiOiJ5b3VyX2FwcF9uYW1lIiwiYXVkIjoieW91cl9hcHBfYXVkaWVuY2UiLCJpYXQiOjE3MzUzODY5OTIsImV4cCI6MTczNTQ3MzM5MiwidXNlcklkIjoxfQ.gEFhycHmi_BV3pEaRQXlhz38IXVgozy9Cm90MHhaY0g', '2024-12-28 11:56:32', '0000-00-00 00:00:00'),
(23, 1, 'eyJ0eXAiOiJKV1QiLCJhbGciOiJIUzI1NiJ9.eyJpc3MiOiJ5b3VyX2FwcF9uYW1lIiwiYXVkIjoieW91cl9hcHBfYXVkaWVuY2UiLCJpYXQiOjE3MzUzODgzMTcsImV4cCI6MTczNTQ3NDcxNywidXNlcklkIjoxfQ.zJFMujAVC3QmEMxCGj8adnerBCPjuN08n_eOm6CZdIM', '2024-12-28 12:18:37', '0000-00-00 00:00:00'),
(24, 1, 'eyJ0eXAiOiJKV1QiLCJhbGciOiJIUzI1NiJ9.eyJpc3MiOiJ5b3VyX2FwcF9uYW1lIiwiYXVkIjoieW91cl9hcHBfYXVkaWVuY2UiLCJpYXQiOjE3MzUzODg2NjUsImV4cCI6MTczNTQ3NTA2NSwidXNlcklkIjoxfQ.bQcJovm1y7DHLdgWMgIWZMy2PjaXkWQU0a3hR_Nn33I', '2024-12-28 12:24:25', '0000-00-00 00:00:00'),
(25, 5, 'eyJ0eXAiOiJKV1QiLCJhbGciOiJIUzI1NiJ9.eyJpc3MiOiJ5b3VyX2FwcF9uYW1lIiwiYXVkIjoieW91cl9hcHBfYXVkaWVuY2UiLCJpYXQiOjE3MzUzOTA2NjUsImV4cCI6MTczNTQ3NzA2NSwidXNlcklkIjo1fQ.QBK04sx4rOIfT2PfSEleeoVi6Pv4auyrIt5o1mOOuYg', '2024-12-28 12:57:45', '0000-00-00 00:00:00'),
(26, 7, 'eyJ0eXAiOiJKV1QiLCJhbGciOiJIUzI1NiJ9.eyJpc3MiOiJ5b3VyX2FwcF9uYW1lIiwiYXVkIjoieW91cl9hcHBfYXVkaWVuY2UiLCJpYXQiOjE3MzUzOTE4MzIsImV4cCI6MTczNTQ3ODIzMiwidXNlcklkIjo3fQ.pL-HEY3fhMcQdPgO__jY3WGE9lKVxxzI7ADEVtnT7uI', '2024-12-28 13:17:12', '0000-00-00 00:00:00'),
(27, 1, 'eyJ0eXAiOiJKV1QiLCJhbGciOiJIUzI1NiJ9.eyJpc3MiOiJ5b3VyX2FwcF9uYW1lIiwiYXVkIjoieW91cl9hcHBfYXVkaWVuY2UiLCJpYXQiOjE3MzU0MDI0ODcsImV4cCI6MTczNTQ4ODg4NywidXNlcklkIjoxfQ.vfNry7LEJjkHHxd5yGDjcAX3Bj9nWdUAzhInscsosOs', '2024-12-28 16:14:47', '0000-00-00 00:00:00'),
(28, 5, 'eyJ0eXAiOiJKV1QiLCJhbGciOiJIUzI1NiJ9.eyJpc3MiOiJ5b3VyX2FwcF9uYW1lIiwiYXVkIjoieW91cl9hcHBfYXVkaWVuY2UiLCJpYXQiOjE3MzU0MDI1OTYsImV4cCI6MTczNTQ4ODk5NiwidXNlcklkIjo1fQ.hbQXqzFUcbMyZcsaRc7999h359HJxJMTcMkW-zzlwFo', '2024-12-28 16:16:36', '0000-00-00 00:00:00'),
(29, 1, 'eyJ0eXAiOiJKV1QiLCJhbGciOiJIUzI1NiJ9.eyJpc3MiOiJ5b3VyX2FwcF9uYW1lIiwiYXVkIjoieW91cl9hcHBfYXVkaWVuY2UiLCJpYXQiOjE3MzU0Mzk0NTUsImV4cCI6MTczNTUyNTg1NSwidXNlcklkIjoxfQ.Z6hfXqenmQB2NT1ovafV0ck6fuduDF2o-zwJx5pGg80', '2024-12-29 02:30:55', '0000-00-00 00:00:00'),
(30, 5, 'eyJ0eXAiOiJKV1QiLCJhbGciOiJIUzI1NiJ9.eyJpc3MiOiJ5b3VyX2FwcF9uYW1lIiwiYXVkIjoieW91cl9hcHBfYXVkaWVuY2UiLCJpYXQiOjE3MzU1Mjc2OTgsImV4cCI6MTczNTYxNDA5OCwidXNlcklkIjo1fQ.uF3P0GtSlBDRqoO0hfzPkeHCS1r9TKKdrqy3y_nedoI', '2024-12-30 03:01:38', '0000-00-00 00:00:00'),
(31, 5, 'eyJ0eXAiOiJKV1QiLCJhbGciOiJIUzI1NiJ9.eyJpc3MiOiJ5b3VyX2FwcF9uYW1lIiwiYXVkIjoieW91cl9hcHBfYXVkaWVuY2UiLCJpYXQiOjE3MzU1Mjg4NzcsImV4cCI6MTczNTYxNTI3NywidXNlcklkIjo1fQ.1jRpwTvZsYI3QFu5LiRZfeAvLBP1MVMM777EiusPp5Y', '2024-12-30 03:21:17', '0000-00-00 00:00:00'),
(32, 1, 'eyJ0eXAiOiJKV1QiLCJhbGciOiJIUzI1NiJ9.eyJpc3MiOiJ5b3VyX2FwcF9uYW1lIiwiYXVkIjoieW91cl9hcHBfYXVkaWVuY2UiLCJpYXQiOjE3MzU1MzY5MzYsImV4cCI6MTczNTYyMzMzNiwidXNlcklkIjoxfQ.fqc9vhXYDElQgfdBC1F3PL33TY1YWSSHZ9hoEBJim_c', '2024-12-30 05:35:36', '0000-00-00 00:00:00'),
(33, 1, 'eyJ0eXAiOiJKV1QiLCJhbGciOiJIUzI1NiJ9.eyJpc3MiOiJ5b3VyX2FwcF9uYW1lIiwiYXVkIjoieW91cl9hcHBfYXVkaWVuY2UiLCJpYXQiOjE3MzU1NDYwMjEsImV4cCI6MTczNTYzMjQyMSwidXNlcklkIjoxfQ.hfR0f7BV3R9o-XdRoLFM02rgy7cubxEx98A3IuhFdj8', '2024-12-30 08:07:01', '0000-00-00 00:00:00'),
(34, 16, 'eyJ0eXAiOiJKV1QiLCJhbGciOiJIUzI1NiJ9.eyJpc3MiOiJ5b3VyX2FwcF9uYW1lIiwiYXVkIjoieW91cl9hcHBfYXVkaWVuY2UiLCJpYXQiOjE3MzU1NzIxODEsImV4cCI6MTczNTY1ODU4MSwidXNlcklkIjoiMTYifQ.m0mdQ1_oujwju8AytjElPBsW6u4ODZtHRpGS8K0Y2SQ', '2024-12-30 15:23:01', '0000-00-00 00:00:00'),
(35, 17, 'eyJ0eXAiOiJKV1QiLCJhbGciOiJIUzI1NiJ9.eyJpc3MiOiJ5b3VyX2FwcF9uYW1lIiwiYXVkIjoieW91cl9hcHBfYXVkaWVuY2UiLCJpYXQiOjE3MzU1NzMzNTYsImV4cCI6MTczNTY1OTc1NiwidXNlcklkIjoiMTcifQ.sPSWGrnTMKBTbbJThs031s5HPX95yWm_g6nnUnmEMJ4', '2024-12-30 15:42:36', '0000-00-00 00:00:00'),
(36, 5, 'eyJ0eXAiOiJKV1QiLCJhbGciOiJIUzI1NiJ9.eyJpc3MiOiJ5b3VyX2FwcF9uYW1lIiwiYXVkIjoieW91cl9hcHBfYXVkaWVuY2UiLCJpYXQiOjE3MzU1NzQ1OTgsImV4cCI6MTczNTY2MDk5OCwidXNlcklkIjo1fQ.tgS1QiBsVqAv4WVXGtT1_UcBUu0ZvGMsXv_RVo0H-i4', '2024-12-30 16:03:18', '0000-00-00 00:00:00'),
(37, 7, 'eyJ0eXAiOiJKV1QiLCJhbGciOiJIUzI1NiJ9.eyJpc3MiOiJ5b3VyX2FwcF9uYW1lIiwiYXVkIjoieW91cl9hcHBfYXVkaWVuY2UiLCJpYXQiOjE3MzU1NzQ2NDEsImV4cCI6MTczNTY2MTA0MSwidXNlcklkIjo3fQ.wy5L8rn2oqI5v1PJfKbW7gyXyv8cfTWehf17dzZtO_M', '2024-12-30 16:04:01', '0000-00-00 00:00:00'),
(38, 1, 'eyJ0eXAiOiJKV1QiLCJhbGciOiJIUzI1NiJ9.eyJpc3MiOiJ5b3VyX2FwcF9uYW1lIiwiYXVkIjoieW91cl9hcHBfYXVkaWVuY2UiLCJpYXQiOjE3MzU1NzQ4MDEsImV4cCI6MTczNTY2MTIwMSwidXNlcklkIjoxfQ.Xwxlba1H6ZqZ82UusZk5QUGwAgTvaQVvBhA0Xm7xLc0', '2024-12-30 16:06:41', '0000-00-00 00:00:00'),
(39, 5, 'eyJ0eXAiOiJKV1QiLCJhbGciOiJIUzI1NiJ9.eyJpc3MiOiJ5b3VyX2FwcF9uYW1lIiwiYXVkIjoieW91cl9hcHBfYXVkaWVuY2UiLCJpYXQiOjE3MzU2MTQ2NTUsImV4cCI6MTczNTcwMTA1NSwidXNlcklkIjo1fQ.vo3J4kcqx3E6rEvLF35uZ6OMtco6dnGQnTs2Aa4OFpg', '2024-12-31 03:10:55', '0000-00-00 00:00:00'),
(40, 17, 'eyJ0eXAiOiJKV1QiLCJhbGciOiJIUzI1NiJ9.eyJpc3MiOiJ5b3VyX2FwcF9uYW1lIiwiYXVkIjoieW91cl9hcHBfYXVkaWVuY2UiLCJpYXQiOjE3MzU2MTY4NzEsImV4cCI6MTczNTcwMzI3MSwidXNlcklkIjoxN30.l1kW48iGyb8GprkucNimUWM3RG_RHDa4_GHAu0UyrbE', '2024-12-31 03:47:51', '0000-00-00 00:00:00'),
(41, 17, 'eyJ0eXAiOiJKV1QiLCJhbGciOiJIUzI1NiJ9.eyJpc3MiOiJ5b3VyX2FwcF9uYW1lIiwiYXVkIjoieW91cl9hcHBfYXVkaWVuY2UiLCJpYXQiOjE3MzU2MTkwNDksImV4cCI6MTczNTcwNTQ0OSwidXNlcklkIjoxN30.SETIbYjcRQrPNRj5biBGu3aWXiYXX665sVAEIMnnn7w', '2024-12-31 04:24:09', '0000-00-00 00:00:00'),
(42, 17, 'eyJ0eXAiOiJKV1QiLCJhbGciOiJIUzI1NiJ9.eyJpc3MiOiJ5b3VyX2FwcF9uYW1lIiwiYXVkIjoieW91cl9hcHBfYXVkaWVuY2UiLCJpYXQiOjE3MzU2MTkwNTEsImV4cCI6MTczNTcwNTQ1MSwidXNlcklkIjoxN30.Qd8fMqfJMu3LNdaPwEe1S5HYOuOKYRe3m9HHESVkoXo', '2024-12-31 04:24:11', '0000-00-00 00:00:00'),
(43, 17, 'eyJ0eXAiOiJKV1QiLCJhbGciOiJIUzI1NiJ9.eyJpc3MiOiJ5b3VyX2FwcF9uYW1lIiwiYXVkIjoieW91cl9hcHBfYXVkaWVuY2UiLCJpYXQiOjE3MzU2MTkwNTIsImV4cCI6MTczNTcwNTQ1MiwidXNlcklkIjoxN30._-ec6EWMwzk-QNBcIvlAU3iVqRdhLigH8lOiila19WU', '2024-12-31 04:24:12', '0000-00-00 00:00:00'),
(44, 17, 'eyJ0eXAiOiJKV1QiLCJhbGciOiJIUzI1NiJ9.eyJpc3MiOiJ5b3VyX2FwcF9uYW1lIiwiYXVkIjoieW91cl9hcHBfYXVkaWVuY2UiLCJpYXQiOjE3MzU2MTkwNTIsImV4cCI6MTczNTcwNTQ1MiwidXNlcklkIjoxN30._-ec6EWMwzk-QNBcIvlAU3iVqRdhLigH8lOiila19WU', '2024-12-31 04:24:12', '0000-00-00 00:00:00'),
(45, 17, 'eyJ0eXAiOiJKV1QiLCJhbGciOiJIUzI1NiJ9.eyJpc3MiOiJ5b3VyX2FwcF9uYW1lIiwiYXVkIjoieW91cl9hcHBfYXVkaWVuY2UiLCJpYXQiOjE3MzU2MTkwNTIsImV4cCI6MTczNTcwNTQ1MiwidXNlcklkIjoxN30._-ec6EWMwzk-QNBcIvlAU3iVqRdhLigH8lOiila19WU', '2024-12-31 04:24:12', '0000-00-00 00:00:00'),
(46, 17, 'eyJ0eXAiOiJKV1QiLCJhbGciOiJIUzI1NiJ9.eyJpc3MiOiJ5b3VyX2FwcF9uYW1lIiwiYXVkIjoieW91cl9hcHBfYXVkaWVuY2UiLCJpYXQiOjE3MzU2MTkwNTIsImV4cCI6MTczNTcwNTQ1MiwidXNlcklkIjoxN30._-ec6EWMwzk-QNBcIvlAU3iVqRdhLigH8lOiila19WU', '2024-12-31 04:24:12', '0000-00-00 00:00:00'),
(47, 17, 'eyJ0eXAiOiJKV1QiLCJhbGciOiJIUzI1NiJ9.eyJpc3MiOiJ5b3VyX2FwcF9uYW1lIiwiYXVkIjoieW91cl9hcHBfYXVkaWVuY2UiLCJpYXQiOjE3MzU2MTkwNTQsImV4cCI6MTczNTcwNTQ1NCwidXNlcklkIjoxN30.Fsp_anuB16sMQNmLvS1sngZLOTWTSCi74Kn75aJaEWs', '2024-12-31 04:24:14', '0000-00-00 00:00:00'),
(48, 17, 'eyJ0eXAiOiJKV1QiLCJhbGciOiJIUzI1NiJ9.eyJpc3MiOiJ5b3VyX2FwcF9uYW1lIiwiYXVkIjoieW91cl9hcHBfYXVkaWVuY2UiLCJpYXQiOjE3MzU2MTkwNTUsImV4cCI6MTczNTcwNTQ1NSwidXNlcklkIjoxN30.CzCnq-4TfRs0MR4R7gy5ajyN-5poMyt1hvieJspZul8', '2024-12-31 04:24:15', '0000-00-00 00:00:00'),
(49, 17, 'eyJ0eXAiOiJKV1QiLCJhbGciOiJIUzI1NiJ9.eyJpc3MiOiJ5b3VyX2FwcF9uYW1lIiwiYXVkIjoieW91cl9hcHBfYXVkaWVuY2UiLCJpYXQiOjE3MzU2MTkwNTcsImV4cCI6MTczNTcwNTQ1NywidXNlcklkIjoxN30.zjvPEW6CawsZJXS8_k8a605Dia2_YPqQt7mBT1aZUhE', '2024-12-31 04:24:17', '0000-00-00 00:00:00'),
(50, 17, 'eyJ0eXAiOiJKV1QiLCJhbGciOiJIUzI1NiJ9.eyJpc3MiOiJ5b3VyX2FwcF9uYW1lIiwiYXVkIjoieW91cl9hcHBfYXVkaWVuY2UiLCJpYXQiOjE3MzU2MTkwNTcsImV4cCI6MTczNTcwNTQ1NywidXNlcklkIjoxN30.zjvPEW6CawsZJXS8_k8a605Dia2_YPqQt7mBT1aZUhE', '2024-12-31 04:24:17', '0000-00-00 00:00:00'),
(51, 17, 'eyJ0eXAiOiJKV1QiLCJhbGciOiJIUzI1NiJ9.eyJpc3MiOiJ5b3VyX2FwcF9uYW1lIiwiYXVkIjoieW91cl9hcHBfYXVkaWVuY2UiLCJpYXQiOjE3MzU2MTkwNTcsImV4cCI6MTczNTcwNTQ1NywidXNlcklkIjoxN30.zjvPEW6CawsZJXS8_k8a605Dia2_YPqQt7mBT1aZUhE', '2024-12-31 04:24:17', '0000-00-00 00:00:00'),
(52, 17, 'eyJ0eXAiOiJKV1QiLCJhbGciOiJIUzI1NiJ9.eyJpc3MiOiJ5b3VyX2FwcF9uYW1lIiwiYXVkIjoieW91cl9hcHBfYXVkaWVuY2UiLCJpYXQiOjE3MzU2MTkyMzUsImV4cCI6MTczNTcwNTYzNSwidXNlcklkIjoxN30.4iyKQWf2-ncuDwBN9Ot7rHfAj2h_LM1sBz1Pu2F1d8M', '2024-12-31 04:27:15', '0000-00-00 00:00:00'),
(53, 17, 'eyJ0eXAiOiJKV1QiLCJhbGciOiJIUzI1NiJ9.eyJpc3MiOiJ5b3VyX2FwcF9uYW1lIiwiYXVkIjoieW91cl9hcHBfYXVkaWVuY2UiLCJpYXQiOjE3MzU2MjE5MjUsImV4cCI6MTczNTcwODMyNSwidXNlcklkIjoxN30.VoxHxyhYu_VPcuvIMaZNClzlcUEdb_aWlOf1gRpi7Eg', '2024-12-31 05:12:05', '0000-00-00 00:00:00'),
(54, 17, 'eyJ0eXAiOiJKV1QiLCJhbGciOiJIUzI1NiJ9.eyJpc3MiOiJ5b3VyX2FwcF9uYW1lIiwiYXVkIjoieW91cl9hcHBfYXVkaWVuY2UiLCJpYXQiOjE3MzU2MjcyNTUsImV4cCI6MTczNTcxMzY1NSwidXNlcklkIjoxN30.PzSlX6JiimG0VrnrGRRRSwmDMcM9_PqbOnlUMXBP6wY', '2024-12-31 06:40:55', '0000-00-00 00:00:00'),
(55, 1, 'eyJ0eXAiOiJKV1QiLCJhbGciOiJIUzI1NiJ9.eyJpc3MiOiJ5b3VyX2FwcF9uYW1lIiwiYXVkIjoieW91cl9hcHBfYXVkaWVuY2UiLCJpYXQiOjE3MzU2MzcyNTEsImV4cCI6MTczNTcyMzY1MSwidXNlcklkIjoxfQ.7jphQ4ps3XDWI5ETyZL_hyzVjuRt6_oWNJPWCDsAiSY', '2024-12-31 09:27:31', '0000-00-00 00:00:00'),
(56, 1, 'eyJ0eXAiOiJKV1QiLCJhbGciOiJIUzI1NiJ9.eyJpc3MiOiJ5b3VyX2FwcF9uYW1lIiwiYXVkIjoieW91cl9hcHBfYXVkaWVuY2UiLCJpYXQiOjE3MzU2NDU0NjYsImV4cCI6MTczNTczMTg2NiwidXNlcklkIjoxfQ.dQrRB8Wao48iunmo6OfUvdH5sJXpcL-KMPwmuaWN2kA', '2024-12-31 11:44:26', '0000-00-00 00:00:00'),
(57, 17, 'eyJ0eXAiOiJKV1QiLCJhbGciOiJIUzI1NiJ9.eyJpc3MiOiJ5b3VyX2FwcF9uYW1lIiwiYXVkIjoieW91cl9hcHBfYXVkaWVuY2UiLCJpYXQiOjE3MzU2NDk1ODEsImV4cCI6MTczNTczNTk4MSwidXNlcklkIjoxN30.yu395DfhcpK8zpAbVVCAHjrWTMOE8w0VOb7S68Gjy9Y', '2024-12-31 12:53:01', '0000-00-00 00:00:00'),
(58, 17, 'eyJ0eXAiOiJKV1QiLCJhbGciOiJIUzI1NiJ9.eyJpc3MiOiJ5b3VyX2FwcF9uYW1lIiwiYXVkIjoieW91cl9hcHBfYXVkaWVuY2UiLCJpYXQiOjE3MzU2NTA3ODAsImV4cCI6MTczNTczNzE4MCwidXNlcklkIjoxN30.0NDAaGHuF_uO6UgSLSSuhLXeH6vzaXqHLlEparZnmlE', '2024-12-31 13:13:00', '0000-00-00 00:00:00'),
(59, 17, 'eyJ0eXAiOiJKV1QiLCJhbGciOiJIUzI1NiJ9.eyJpc3MiOiJ5b3VyX2FwcF9uYW1lIiwiYXVkIjoieW91cl9hcHBfYXVkaWVuY2UiLCJpYXQiOjE3MzU2NTEwOTksImV4cCI6MTczNTczNzQ5OSwidXNlcklkIjoxN30.ZWumQJMQ2dFBULCfuY5FUNIR-ceNJkLvs-SrH4V6OLg', '2024-12-31 13:18:19', '0000-00-00 00:00:00'),
(60, 17, 'eyJ0eXAiOiJKV1QiLCJhbGciOiJIUzI1NiJ9.eyJpc3MiOiJ5b3VyX2FwcF9uYW1lIiwiYXVkIjoieW91cl9hcHBfYXVkaWVuY2UiLCJpYXQiOjE3MzU2NTE1MTMsImV4cCI6MTczNTczNzkxMywidXNlcklkIjoxN30.VtuLzQW1I3SgTkY7uYM6QVbHNpxO-AW31mAotvQVz04', '2024-12-31 13:25:13', '0000-00-00 00:00:00'),
(61, 7, 'eyJ0eXAiOiJKV1QiLCJhbGciOiJIUzI1NiJ9.eyJpc3MiOiJ5b3VyX2FwcF9uYW1lIiwiYXVkIjoieW91cl9hcHBfYXVkaWVuY2UiLCJpYXQiOjE3MzU2NTE1NDAsImV4cCI6MTczNTczNzk0MCwidXNlcklkIjo3fQ.v81xFh-HPSda8hFzE620S6bavOFRbg9iVPNgy_t1lQI', '2024-12-31 13:25:40', '0000-00-00 00:00:00'),
(62, 17, 'eyJ0eXAiOiJKV1QiLCJhbGciOiJIUzI1NiJ9.eyJpc3MiOiJ5b3VyX2FwcF9uYW1lIiwiYXVkIjoieW91cl9hcHBfYXVkaWVuY2UiLCJpYXQiOjE3MzU2NTE3MTQsImV4cCI6MTczNTczODExNCwidXNlcklkIjoxN30.wMl-mBDzatpRc8r0PRah9mNnmZ36mUnw6qypB5SvY9g', '2024-12-31 13:28:34', '0000-00-00 00:00:00'),
(63, 1, 'eyJ0eXAiOiJKV1QiLCJhbGciOiJIUzI1NiJ9.eyJpc3MiOiJ5b3VyX2FwcF9uYW1lIiwiYXVkIjoieW91cl9hcHBfYXVkaWVuY2UiLCJpYXQiOjE3MzU2NTMxMjAsImV4cCI6MTczNTczOTUyMCwidXNlcklkIjoxfQ.m3q4M9FLtP0oMtVKEJy8rRxj6VEK7TBiyPgHra-SHUE', '2024-12-31 13:52:00', '0000-00-00 00:00:00'),
(64, 1, 'eyJ0eXAiOiJKV1QiLCJhbGciOiJIUzI1NiJ9.eyJpc3MiOiJ5b3VyX2FwcF9uYW1lIiwiYXVkIjoieW91cl9hcHBfYXVkaWVuY2UiLCJpYXQiOjE3MzU3MDQ0MTQsImV4cCI6MTczNTc5MDgxNCwidXNlcklkIjoxfQ.jsGGjLgXcY0XotfjxL5NoxJHju423zNLPfgOIn0VUB4', '2025-01-01 04:06:54', '0000-00-00 00:00:00'),
(65, 1, 'eyJ0eXAiOiJKV1QiLCJhbGciOiJIUzI1NiJ9.eyJpc3MiOiJ5b3VyX2FwcF9uYW1lIiwiYXVkIjoieW91cl9hcHBfYXVkaWVuY2UiLCJpYXQiOjE3MzU3MDQ1MDQsImV4cCI6MTczNTc5MDkwNCwidXNlcklkIjoxfQ.I42pO0dKo4lJiXH2IAI2XRehS45g38ZdnXu8FuVEZwE', '2025-01-01 04:08:24', '0000-00-00 00:00:00'),
(66, 1, 'eyJ0eXAiOiJKV1QiLCJhbGciOiJIUzI1NiJ9.eyJpc3MiOiJ5b3VyX2FwcF9uYW1lIiwiYXVkIjoieW91cl9hcHBfYXVkaWVuY2UiLCJpYXQiOjE3MzU3MTk1NDAsImV4cCI6MTczNTgwNTk0MCwidXNlcklkIjoxfQ.53atOKFszmMfp3GOj7pjHzyYopHr1JUqW9AIcbNJApY', '2025-01-01 08:19:00', '0000-00-00 00:00:00'),
(67, 1, 'eyJ0eXAiOiJKV1QiLCJhbGciOiJIUzI1NiJ9.eyJpc3MiOiJ5b3VyX2FwcF9uYW1lIiwiYXVkIjoieW91cl9hcHBfYXVkaWVuY2UiLCJpYXQiOjE3MzU4MTEzODYsImV4cCI6MTczNTg5Nzc4NiwidXNlcklkIjoxfQ.09ujZMUrI4bWPVdSTkShNVBJF-HHj6gHcOG8Bplu-O8', '2025-01-02 09:49:46', '0000-00-00 00:00:00'),
(68, 1, 'eyJ0eXAiOiJKV1QiLCJhbGciOiJIUzI1NiJ9.eyJpc3MiOiJ5b3VyX2FwcF9uYW1lIiwiYXVkIjoieW91cl9hcHBfYXVkaWVuY2UiLCJpYXQiOjE3MzU4MTE2MzEsImV4cCI6MTczNTg5ODAzMSwidXNlcklkIjoxfQ.4pNDpr-8saoxEVJJcKwiq4i-9ZUmHWI0OhybO79WfsU', '2025-01-02 09:53:51', '0000-00-00 00:00:00'),
(69, 1, 'eyJ0eXAiOiJKV1QiLCJhbGciOiJIUzI1NiJ9.eyJpc3MiOiJ5b3VyX2FwcF9uYW1lIiwiYXVkIjoieW91cl9hcHBfYXVkaWVuY2UiLCJpYXQiOjE3MzU4MTMwMzksImV4cCI6MTczNTg5OTQzOSwidXNlcklkIjoxfQ.3kVdyWuYAJ_ui_M1lCFX0zd9p9JPnqweYBxHVcLirBQ', '2025-01-02 10:17:19', '0000-00-00 00:00:00'),
(70, 1, 'eyJ0eXAiOiJKV1QiLCJhbGciOiJIUzI1NiJ9.eyJpc3MiOiJ5b3VyX2FwcF9uYW1lIiwiYXVkIjoieW91cl9hcHBfYXVkaWVuY2UiLCJpYXQiOjE3MzU4MjA3OTYsImV4cCI6MTczNTkwNzE5NiwidXNlcklkIjoxfQ.UKMJ3Hlk2qQQfDUOBo4vNgx3KdGaV5fLp_E_ofaUJOY', '2025-01-02 12:26:36', '0000-00-00 00:00:00'),
(71, 1, 'eyJ0eXAiOiJKV1QiLCJhbGciOiJIUzI1NiJ9.eyJpc3MiOiJ5b3VyX2FwcF9uYW1lIiwiYXVkIjoieW91cl9hcHBfYXVkaWVuY2UiLCJpYXQiOjE3MzU4MjcyNDQsImV4cCI6MTczNTkxMzY0NCwidXNlcklkIjoxfQ.w1lpDBM9zWSgl5-jYR-zNFQl9prDfVBVuQLIv1qzQ3o', '2025-01-02 14:14:04', '0000-00-00 00:00:00'),
(72, 5, 'eyJ0eXAiOiJKV1QiLCJhbGciOiJIUzI1NiJ9.eyJpc3MiOiJ5b3VyX2FwcF9uYW1lIiwiYXVkIjoieW91cl9hcHBfYXVkaWVuY2UiLCJpYXQiOjE3MzU4MjczNDYsImV4cCI6MTczNTkxMzc0NiwidXNlcklkIjo1fQ.gWN-wPsm319KeP8C0uPfHZaRS-ezPcXoZaVWiXN9w9M', '2025-01-02 14:15:46', '0000-00-00 00:00:00'),
(73, 1, 'eyJ0eXAiOiJKV1QiLCJhbGciOiJIUzI1NiJ9.eyJpc3MiOiJ5b3VyX2FwcF9uYW1lIiwiYXVkIjoieW91cl9hcHBfYXVkaWVuY2UiLCJpYXQiOjE3MzU4MzM5MjksImV4cCI6MTczNTkyMDMyOSwidXNlcklkIjoxfQ.8oCPQB1aIfyhoDwAWeUNebOaOGUNqIVyUmKDX9h0bNk', '2025-01-02 16:05:29', '0000-00-00 00:00:00'),
(74, 1, 'eyJ0eXAiOiJKV1QiLCJhbGciOiJIUzI1NiJ9.eyJpc3MiOiJ5b3VyX2FwcF9uYW1lIiwiYXVkIjoieW91cl9hcHBfYXVkaWVuY2UiLCJpYXQiOjE3MzU4MzQxMDEsImV4cCI6MTczNTkyMDUwMSwidXNlcklkIjoxfQ.0Q02ouWb9SLj7k2YKmxtEDYXTteDGRzBsVTglMVTE88', '2025-01-02 16:08:21', '0000-00-00 00:00:00'),
(75, 1, 'eyJ0eXAiOiJKV1QiLCJhbGciOiJIUzI1NiJ9.eyJpc3MiOiJ5b3VyX2FwcF9uYW1lIiwiYXVkIjoieW91cl9hcHBfYXVkaWVuY2UiLCJpYXQiOjE3MzU4NDI4MTUsImV4cCI6MTczNTkyOTIxNSwidXNlcklkIjoxfQ.4znnnf6VfribcIt9zxfXJLUfidmTlUk_JHlJVHpT7As', '2025-01-02 18:33:35', '0000-00-00 00:00:00'),
(76, 1, 'eyJ0eXAiOiJKV1QiLCJhbGciOiJIUzI1NiJ9.eyJpc3MiOiJ5b3VyX2FwcF9uYW1lIiwiYXVkIjoieW91cl9hcHBfYXVkaWVuY2UiLCJpYXQiOjE3MzU4NjkxNTEsImV4cCI6MTczNTk1NTU1MSwidXNlcklkIjoxfQ.lnA20OHLcRVhHVhtoQIyeFr1zTOm5UQPZ-OHRHHqWyE', '2025-01-03 01:52:31', '0000-00-00 00:00:00'),
(77, 1, 'eyJ0eXAiOiJKV1QiLCJhbGciOiJIUzI1NiJ9.eyJpc3MiOiJ5b3VyX2FwcF9uYW1lIiwiYXVkIjoieW91cl9hcHBfYXVkaWVuY2UiLCJpYXQiOjE3MzU4NzQ2MTksImV4cCI6MTczNTk2MTAxOSwidXNlcklkIjoxfQ.AfcOrtho4KFnLsOj8_ty_rylPwEQW9KNU4ZqVdtTD-k', '2025-01-03 03:23:39', '0000-00-00 00:00:00'),
(78, 1, 'eyJ0eXAiOiJKV1QiLCJhbGciOiJIUzI1NiJ9.eyJpc3MiOiJ5b3VyX2FwcF9uYW1lIiwiYXVkIjoieW91cl9hcHBfYXVkaWVuY2UiLCJpYXQiOjE3MzU4ODc1MjMsImV4cCI6MTczNTk3MzkyMywidXNlcklkIjoxfQ.b6lw20jelzMXQWPHBeQh6cm1ON3uTMf96tQqx31P5y4', '2025-01-03 06:58:43', '0000-00-00 00:00:00'),
(79, 1, 'eyJ0eXAiOiJKV1QiLCJhbGciOiJIUzI1NiJ9.eyJpc3MiOiJ5b3VyX2FwcF9uYW1lIiwiYXVkIjoieW91cl9hcHBfYXVkaWVuY2UiLCJpYXQiOjE3MzU4ODc1NDQsImV4cCI6MTczNTk3Mzk0NCwidXNlcklkIjoxfQ.kMlRnSwQ9SerRl69ZOejnnMHkx5NqSVqrT1t0u8jESA', '2025-01-03 06:59:04', '0000-00-00 00:00:00'),
(80, 17, 'eyJ0eXAiOiJKV1QiLCJhbGciOiJIUzI1NiJ9.eyJpc3MiOiJ5b3VyX2FwcF9uYW1lIiwiYXVkIjoieW91cl9hcHBfYXVkaWVuY2UiLCJpYXQiOjE3MzU4OTI0NzUsImV4cCI6MTczNTk3ODg3NSwidXNlcklkIjoxN30.Q_fgCgG9jtN4TwKci45eRxmSe4EXWBUVNZy5e5aUQfU', '2025-01-03 08:21:15', '0000-00-00 00:00:00'),
(81, 17, 'eyJ0eXAiOiJKV1QiLCJhbGciOiJIUzI1NiJ9.eyJpc3MiOiJ5b3VyX2FwcF9uYW1lIiwiYXVkIjoieW91cl9hcHBfYXVkaWVuY2UiLCJpYXQiOjE3MzU4OTMyOTQsImV4cCI6MTczNTk3OTY5NCwidXNlcklkIjoxN30.948p67AXRsI3U-2f8dwkMWLakLAZv1tKvq8W4WRHQSs', '2025-01-03 08:34:54', '0000-00-00 00:00:00'),
(82, 17, 'eyJ0eXAiOiJKV1QiLCJhbGciOiJIUzI1NiJ9.eyJpc3MiOiJ5b3VyX2FwcF9uYW1lIiwiYXVkIjoieW91cl9hcHBfYXVkaWVuY2UiLCJpYXQiOjE3MzU4OTQyMTcsImV4cCI6MTczNTk4MDYxNywidXNlcklkIjoxN30.Qy35hMPOBAwMu2Hf8ZCEeHGobPZm7mtleCqI93PgpzA', '2025-01-03 08:50:17', '0000-00-00 00:00:00'),
(83, 1, 'eyJ0eXAiOiJKV1QiLCJhbGciOiJIUzI1NiJ9.eyJpc3MiOiJ5b3VyX2FwcF9uYW1lIiwiYXVkIjoieW91cl9hcHBfYXVkaWVuY2UiLCJpYXQiOjE3MzU4OTkwNDcsImV4cCI6MTczNTk4NTQ0NywidXNlcklkIjoxfQ.oRZdRI1puY_vQkLvOD8JbX9lwG36_vjY6tm4IlGGCb0', '2025-01-03 10:10:47', '0000-00-00 00:00:00'),
(84, 1, 'eyJ0eXAiOiJKV1QiLCJhbGciOiJIUzI1NiJ9.eyJpc3MiOiJ5b3VyX2FwcF9uYW1lIiwiYXVkIjoieW91cl9hcHBfYXVkaWVuY2UiLCJpYXQiOjE3MzU4OTkwNjIsImV4cCI6MTczNTk4NTQ2MiwidXNlcklkIjoxfQ.X8PJ9N_r93kSrNQWHUYl3Soh7zFXSNnboEFgOsbRQ9Y', '2025-01-03 10:11:02', '0000-00-00 00:00:00'),
(85, 17, 'eyJ0eXAiOiJKV1QiLCJhbGciOiJIUzI1NiJ9.eyJpc3MiOiJ5b3VyX2FwcF9uYW1lIiwiYXVkIjoieW91cl9hcHBfYXVkaWVuY2UiLCJpYXQiOjE3MzU5MDAwMjMsImV4cCI6MTczNTk4NjQyMywidXNlcklkIjoxN30.Sqny1ZYnHS8miEz4wPC9klbJ3bL3EHXfv46XlKDk9SI', '2025-01-03 10:27:03', '0000-00-00 00:00:00'),
(86, 17, 'eyJ0eXAiOiJKV1QiLCJhbGciOiJIUzI1NiJ9.eyJpc3MiOiJ5b3VyX2FwcF9uYW1lIiwiYXVkIjoieW91cl9hcHBfYXVkaWVuY2UiLCJpYXQiOjE3MzU5MDI1MjUsImV4cCI6MTczNTk4ODkyNSwidXNlcklkIjoxN30.zWEteLz1gE1PDeuXcPwE5XD--9yzM15u5W_V_i6g-MI', '2025-01-03 11:08:45', '0000-00-00 00:00:00'),
(87, 5, 'eyJ0eXAiOiJKV1QiLCJhbGciOiJIUzI1NiJ9.eyJpc3MiOiJ5b3VyX2FwcF9uYW1lIiwiYXVkIjoieW91cl9hcHBfYXVkaWVuY2UiLCJpYXQiOjE3MzU5MDg0NDIsImV4cCI6MTczNTk5NDg0MiwidXNlcklkIjo1fQ.D9ryRzh4vJ71aNMpyeP0CqGlqXZU5Bl-50W7-AjVNyE', '2025-01-03 12:47:22', '0000-00-00 00:00:00'),
(88, 5, 'eyJ0eXAiOiJKV1QiLCJhbGciOiJIUzI1NiJ9.eyJpc3MiOiJ5b3VyX2FwcF9uYW1lIiwiYXVkIjoieW91cl9hcHBfYXVkaWVuY2UiLCJpYXQiOjE3MzU5MDk4ODksImV4cCI6MTczNTk5NjI4OSwidXNlcklkIjo1fQ.A_pAk-8hyvF5SOnYqMJPlGi_5yMkkAUXWMOsbh_GF0A', '2025-01-03 13:11:29', '0000-00-00 00:00:00'),
(89, 5, 'eyJ0eXAiOiJKV1QiLCJhbGciOiJIUzI1NiJ9.eyJpc3MiOiJ5b3VyX2FwcF9uYW1lIiwiYXVkIjoieW91cl9hcHBfYXVkaWVuY2UiLCJpYXQiOjE3MzU5MTIzNjcsImV4cCI6MTczNTk5ODc2NywidXNlcklkIjo1fQ.dYwgx2vYgNIF9Wx5UVCx-Tk68NZHmfkRrDxkQZVWmRo', '2025-01-03 13:52:47', '0000-00-00 00:00:00'),
(90, 1, 'eyJ0eXAiOiJKV1QiLCJhbGciOiJIUzI1NiJ9.eyJpc3MiOiJ5b3VyX2FwcF9uYW1lIiwiYXVkIjoieW91cl9hcHBfYXVkaWVuY2UiLCJpYXQiOjE3MzU5MTMzMjksImV4cCI6MTczNTk5OTcyOSwidXNlcklkIjoxfQ.8XTxDsw62rxxdgw3p8Wt-OGUU0O4QCcU01MxMcXJuLo', '2025-01-03 14:08:49', '0000-00-00 00:00:00'),
(91, 18, 'eyJ0eXAiOiJKV1QiLCJhbGciOiJIUzI1NiJ9.eyJpc3MiOiJ5b3VyX2FwcF9uYW1lIiwiYXVkIjoieW91cl9hcHBfYXVkaWVuY2UiLCJpYXQiOjE3MzU5MTQ4MTMsImV4cCI6MTczNjAwMTIxMywidXNlcklkIjoiMTgifQ.UpSaFbphuOg5LZPnR8lgUYKcoWZp_9-RW69eD46_V64', '2025-01-03 14:33:33', '0000-00-00 00:00:00'),
(92, 18, 'eyJ0eXAiOiJKV1QiLCJhbGciOiJIUzI1NiJ9.eyJpc3MiOiJ5b3VyX2FwcF9uYW1lIiwiYXVkIjoieW91cl9hcHBfYXVkaWVuY2UiLCJpYXQiOjE3MzU5MTQ4ODYsImV4cCI6MTczNjAwMTI4NiwidXNlcklkIjoxOH0.RG4xzaG_Bf3En4fcQONzhorIYiQVI5Mc9xh8d6_M-mM', '2025-01-03 14:34:46', '0000-00-00 00:00:00'),
(93, 19, 'eyJ0eXAiOiJKV1QiLCJhbGciOiJIUzI1NiJ9.eyJpc3MiOiJ5b3VyX2FwcF9uYW1lIiwiYXVkIjoieW91cl9hcHBfYXVkaWVuY2UiLCJpYXQiOjE3MzU5MTUxOTQsImV4cCI6MTczNjAwMTU5NCwidXNlcklkIjoiMTkifQ._lmgfTCkSAwPaUTXEwtNO1Uaqcl8wVANGtqCUsrcFZg', '2025-01-03 14:39:54', '0000-00-00 00:00:00'),
(94, 19, 'eyJ0eXAiOiJKV1QiLCJhbGciOiJIUzI1NiJ9.eyJpc3MiOiJ5b3VyX2FwcF9uYW1lIiwiYXVkIjoieW91cl9hcHBfYXVkaWVuY2UiLCJpYXQiOjE3MzU5MTUyMTQsImV4cCI6MTczNjAwMTYxNCwidXNlcklkIjoxOX0.RHXQFB7ZfX77eoFQ3TGG0qQB8YLcwTd905c-h2X29ZA', '2025-01-03 14:40:14', '0000-00-00 00:00:00'),
(95, 20, 'eyJ0eXAiOiJKV1QiLCJhbGciOiJIUzI1NiJ9.eyJpc3MiOiJ5b3VyX2FwcF9uYW1lIiwiYXVkIjoieW91cl9hcHBfYXVkaWVuY2UiLCJpYXQiOjE3MzU5MTk5NTUsImV4cCI6MTczNjAwNjM1NSwidXNlcklkIjoiMjAifQ.m_z_lZP_8Y1jB8y5G9lJzGKV50_SgD98HATEbCcpLMI', '2025-01-03 15:59:15', '0000-00-00 00:00:00'),
(96, 20, 'eyJ0eXAiOiJKV1QiLCJhbGciOiJIUzI1NiJ9.eyJpc3MiOiJ5b3VyX2FwcF9uYW1lIiwiYXVkIjoieW91cl9hcHBfYXVkaWVuY2UiLCJpYXQiOjE3MzU5MjAwMjAsImV4cCI6MTczNjAwNjQyMCwidXNlcklkIjoyMH0.aphP3_gsrP3INYxUuD8lQu0Qh4SWp-YduIZpLeJfdiY', '2025-01-03 16:00:20', '0000-00-00 00:00:00'),
(97, 21, 'eyJ0eXAiOiJKV1QiLCJhbGciOiJIUzI1NiJ9.eyJpc3MiOiJ5b3VyX2FwcF9uYW1lIiwiYXVkIjoieW91cl9hcHBfYXVkaWVuY2UiLCJpYXQiOjE3MzU5MjAxNjgsImV4cCI6MTczNjAwNjU2OCwidXNlcklkIjoiMjEifQ.9aoYeO-4yZ0D8LyKUWvjzJZc0dSg9LJedhSsmYldaLY', '2025-01-03 16:02:48', '0000-00-00 00:00:00'),
(98, 21, 'eyJ0eXAiOiJKV1QiLCJhbGciOiJIUzI1NiJ9.eyJpc3MiOiJ5b3VyX2FwcF9uYW1lIiwiYXVkIjoieW91cl9hcHBfYXVkaWVuY2UiLCJpYXQiOjE3MzU5MjAxOTcsImV4cCI6MTczNjAwNjU5NywidXNlcklkIjoyMX0.FJ9esD1SAX2iIjy34dUBkqCmMy5paZpiZf1FQmvX2TM', '2025-01-03 16:03:17', '0000-00-00 00:00:00'),
(99, 22, 'eyJ0eXAiOiJKV1QiLCJhbGciOiJIUzI1NiJ9.eyJpc3MiOiJ5b3VyX2FwcF9uYW1lIiwiYXVkIjoieW91cl9hcHBfYXVkaWVuY2UiLCJpYXQiOjE3MzU5MjA2ODgsImV4cCI6MTczNjAwNzA4OCwidXNlcklkIjoiMjIifQ.9uhgxjSTBGXpqHcX7XPt7BiJpelFHNBfX6y_2-obesE', '2025-01-03 16:11:28', '0000-00-00 00:00:00'),
(100, 22, 'eyJ0eXAiOiJKV1QiLCJhbGciOiJIUzI1NiJ9.eyJpc3MiOiJ5b3VyX2FwcF9uYW1lIiwiYXVkIjoieW91cl9hcHBfYXVkaWVuY2UiLCJpYXQiOjE3MzU5MjA3NjIsImV4cCI6MTczNjAwNzE2MiwidXNlcklkIjoyMn0.Ml96iDfZzFPfphkpZgpMpb0oi-jH5aHE5ToeBQ0Ymuk', '2025-01-03 16:12:42', '0000-00-00 00:00:00'),
(101, 23, 'eyJ0eXAiOiJKV1QiLCJhbGciOiJIUzI1NiJ9.eyJpc3MiOiJ5b3VyX2FwcF9uYW1lIiwiYXVkIjoieW91cl9hcHBfYXVkaWVuY2UiLCJpYXQiOjE3MzU5MjEwMjQsImV4cCI6MTczNjAwNzQyNCwidXNlcklkIjoiMjMifQ.qvSCz1xkQJG2EPbd1tQfqO5c9gTmpaXidOXUQTlFpWc', '2025-01-03 16:17:04', '0000-00-00 00:00:00'),
(102, 23, 'eyJ0eXAiOiJKV1QiLCJhbGciOiJIUzI1NiJ9.eyJpc3MiOiJ5b3VyX2FwcF9uYW1lIiwiYXVkIjoieW91cl9hcHBfYXVkaWVuY2UiLCJpYXQiOjE3MzU5MjEwODUsImV4cCI6MTczNjAwNzQ4NSwidXNlcklkIjoyM30.180FJt4X5qMQCxDr-tcp39bd-4aFk2UUI9OCB9x9xF8', '2025-01-03 16:18:05', '0000-00-00 00:00:00'),
(103, 17, 'eyJ0eXAiOiJKV1QiLCJhbGciOiJIUzI1NiJ9.eyJpc3MiOiJ5b3VyX2FwcF9uYW1lIiwiYXVkIjoieW91cl9hcHBfYXVkaWVuY2UiLCJpYXQiOjE3MzU5MjEzNzMsImV4cCI6MTczNjAwNzc3MywidXNlcklkIjoxN30.BakWVcRyfPygOUGBqbuOePV9IzsD--kKOxAkISC7G5Q', '2025-01-03 16:22:53', '0000-00-00 00:00:00'),
(104, 17, 'eyJ0eXAiOiJKV1QiLCJhbGciOiJIUzI1NiJ9.eyJpc3MiOiJ5b3VyX2FwcF9uYW1lIiwiYXVkIjoieW91cl9hcHBfYXVkaWVuY2UiLCJpYXQiOjE3MzU5MjE2MzUsImV4cCI6MTczNjAwODAzNSwidXNlcklkIjoxN30.e6ntG2cGu5xQWg55g8UmOLWXcBPjyxXZMOkQ8snz4fU', '2025-01-03 16:27:15', '0000-00-00 00:00:00'),
(105, 17, 'eyJ0eXAiOiJKV1QiLCJhbGciOiJIUzI1NiJ9.eyJpc3MiOiJ5b3VyX2FwcF9uYW1lIiwiYXVkIjoieW91cl9hcHBfYXVkaWVuY2UiLCJpYXQiOjE3MzU5MjE2NTgsImV4cCI6MTczNjAwODA1OCwidXNlcklkIjoxN30.qif6ImwGt6TyUv3_XTe5lbW-_WIh7-TRuEfDiR_97xc', '2025-01-03 16:27:38', '0000-00-00 00:00:00'),
(106, 17, 'eyJ0eXAiOiJKV1QiLCJhbGciOiJIUzI1NiJ9.eyJpc3MiOiJ5b3VyX2FwcF9uYW1lIiwiYXVkIjoieW91cl9hcHBfYXVkaWVuY2UiLCJpYXQiOjE3MzU5MjIzOTUsImV4cCI6MTczNjAwODc5NSwidXNlcklkIjoxN30.zxUwt2pN5o8rtBLFvnF7X5_uR3xwOlLwDU9s50ATJ-I', '2025-01-03 16:39:55', '0000-00-00 00:00:00'),
(107, 7, 'eyJ0eXAiOiJKV1QiLCJhbGciOiJIUzI1NiJ9.eyJpc3MiOiJ5b3VyX2FwcF9uYW1lIiwiYXVkIjoieW91cl9hcHBfYXVkaWVuY2UiLCJpYXQiOjE3MzU5MjI1MTEsImV4cCI6MTczNjAwODkxMSwidXNlcklkIjo3fQ.PF3BPT6IL_Rw4pkjLGcybfbsMVNZNA1scyulr-IIIsk', '2025-01-03 16:41:51', '0000-00-00 00:00:00'),
(108, 7, 'eyJ0eXAiOiJKV1QiLCJhbGciOiJIUzI1NiJ9.eyJpc3MiOiJ5b3VyX2FwcF9uYW1lIiwiYXVkIjoieW91cl9hcHBfYXVkaWVuY2UiLCJpYXQiOjE3MzU5MjI2NDIsImV4cCI6MTczNjAwOTA0MiwidXNlcklkIjo3fQ.lfiHpyuTQYO9d1AdQnIJ7N76Z4IwHlzve0ir5XxToaU', '2025-01-03 16:44:02', '0000-00-00 00:00:00'),
(109, 7, 'eyJ0eXAiOiJKV1QiLCJhbGciOiJIUzI1NiJ9.eyJpc3MiOiJ5b3VyX2FwcF9uYW1lIiwiYXVkIjoieW91cl9hcHBfYXVkaWVuY2UiLCJpYXQiOjE3MzU5MjM4MjYsImV4cCI6MTczNjAxMDIyNiwidXNlcklkIjo3fQ.rcFucTRyES8oRHpXp9CdQ4R4PfRF3dgBESXoFujEyqs', '2025-01-03 17:03:46', '0000-00-00 00:00:00'),
(110, 7, 'eyJ0eXAiOiJKV1QiLCJhbGciOiJIUzI1NiJ9.eyJpc3MiOiJ5b3VyX2FwcF9uYW1lIiwiYXVkIjoieW91cl9hcHBfYXVkaWVuY2UiLCJpYXQiOjE3MzU5MjM4NDIsImV4cCI6MTczNjAxMDI0MiwidXNlcklkIjo3fQ.7BbzKETAL3v09xqmApoFRpQbhu8Inf0T5BoAkLeunTs', '2025-01-03 17:04:02', '0000-00-00 00:00:00'),
(111, 7, 'eyJ0eXAiOiJKV1QiLCJhbGciOiJIUzI1NiJ9.eyJpc3MiOiJ5b3VyX2FwcF9uYW1lIiwiYXVkIjoieW91cl9hcHBfYXVkaWVuY2UiLCJpYXQiOjE3MzU5MjQwNTAsImV4cCI6MTczNjAxMDQ1MCwidXNlcklkIjo3fQ.vA66vQBoBoACFmYhdH_yCfAhherK9phvrMtq8NcOW9c', '2025-01-03 17:07:30', '0000-00-00 00:00:00'),
(112, 7, 'eyJ0eXAiOiJKV1QiLCJhbGciOiJIUzI1NiJ9.eyJpc3MiOiJ5b3VyX2FwcF9uYW1lIiwiYXVkIjoieW91cl9hcHBfYXVkaWVuY2UiLCJpYXQiOjE3MzU5MjcyOTksImV4cCI6MTczNjAxMzY5OSwidXNlcklkIjo3fQ.LrHrHNH1Biiih2-FsQF8ku-3MSIwqpSucQIjFnQV5Io', '2025-01-03 18:01:39', '0000-00-00 00:00:00'),
(113, 7, 'eyJ0eXAiOiJKV1QiLCJhbGciOiJIUzI1NiJ9.eyJpc3MiOiJ5b3VyX2FwcF9uYW1lIiwiYXVkIjoieW91cl9hcHBfYXVkaWVuY2UiLCJpYXQiOjE3MzU5Mjc3MTksImV4cCI6MTczNjAxNDExOSwidXNlcklkIjo3fQ.A-rTOlmDfFqtUNprbFavSAFdlhMnZ29LOfmVa_b8G2A', '2025-01-03 18:08:39', '0000-00-00 00:00:00'),
(114, 1, 'eyJ0eXAiOiJKV1QiLCJhbGciOiJIUzI1NiJ9.eyJpc3MiOiJ5b3VyX2FwcF9uYW1lIiwiYXVkIjoieW91cl9hcHBfYXVkaWVuY2UiLCJpYXQiOjE3MzU5Mjc4MDUsImV4cCI6MTczNjAxNDIwNSwidXNlcklkIjoxfQ.8buCuE3y0KZjuFflkK7yw7mKXARxFyCRl1xYKyvvws0', '2025-01-03 18:10:05', '0000-00-00 00:00:00'),
(115, 1, 'eyJ0eXAiOiJKV1QiLCJhbGciOiJIUzI1NiJ9.eyJpc3MiOiJ5b3VyX2FwcF9uYW1lIiwiYXVkIjoieW91cl9hcHBfYXVkaWVuY2UiLCJpYXQiOjE3MzU5NjAzODAsImV4cCI6MTczNjA0Njc4MCwidXNlcklkIjoxfQ.PRNiOQplfaH-r6qB1dsU0QfvY1A1c4okiLIMS5DeElM', '2025-01-04 03:13:00', '0000-00-00 00:00:00'),
(116, 25, 'eyJ0eXAiOiJKV1QiLCJhbGciOiJIUzI1NiJ9.eyJpc3MiOiJ5b3VyX2FwcF9uYW1lIiwiYXVkIjoieW91cl9hcHBfYXVkaWVuY2UiLCJpYXQiOjE3MzU5NjA1NTQsImV4cCI6MTczNjA0Njk1NCwidXNlcklkIjoyNX0.xyFbfnoe10zvzkhrU-UnJ0i9MWEAWOsJJAbijlPyXaY', '2025-01-04 03:15:54', '0000-00-00 00:00:00'),
(117, 1, 'eyJ0eXAiOiJKV1QiLCJhbGciOiJIUzI1NiJ9.eyJpc3MiOiJ5b3VyX2FwcF9uYW1lIiwiYXVkIjoieW91cl9hcHBfYXVkaWVuY2UiLCJpYXQiOjE3MzU5NjA3NDcsImV4cCI6MTczNjA0NzE0NywidXNlcklkIjoxfQ.FWEa0yg8kYieBlyVdLN8N-b2_QrP8-d51JUnA950CFY', '2025-01-04 03:19:07', '0000-00-00 00:00:00'),
(118, 25, 'eyJ0eXAiOiJKV1QiLCJhbGciOiJIUzI1NiJ9.eyJpc3MiOiJ5b3VyX2FwcF9uYW1lIiwiYXVkIjoieW91cl9hcHBfYXVkaWVuY2UiLCJpYXQiOjE3MzU5NjA5NTMsImV4cCI6MTczNjA0NzM1MywidXNlcklkIjoyNX0.0STOjwHkhkyZHT0pZ1WUrrvc4Ot5sXv23F4AcfgMuwQ', '2025-01-04 03:22:33', '0000-00-00 00:00:00'),
(119, 1, 'eyJ0eXAiOiJKV1QiLCJhbGciOiJIUzI1NiJ9.eyJpc3MiOiJ5b3VyX2FwcF9uYW1lIiwiYXVkIjoieW91cl9hcHBfYXVkaWVuY2UiLCJpYXQiOjE3MzU5NjE4NDEsImV4cCI6MTczNjA0ODI0MSwidXNlcklkIjoxfQ.PywTCwrbingeI8INfm0dHh53ROEQ3tZl4TzlWL_39AU', '2025-01-04 03:37:21', '0000-00-00 00:00:00'),
(120, 25, 'eyJ0eXAiOiJKV1QiLCJhbGciOiJIUzI1NiJ9.eyJpc3MiOiJ5b3VyX2FwcF9uYW1lIiwiYXVkIjoieW91cl9hcHBfYXVkaWVuY2UiLCJpYXQiOjE3MzU5NjI3MzUsImV4cCI6MTczNjA0OTEzNSwidXNlcklkIjoyNX0.DtjLMFWR7Hkn7-75JDDOm88N60DFhkUDO_hd02wxwUE', '2025-01-04 03:52:15', '0000-00-00 00:00:00'),
(121, 1, 'eyJ0eXAiOiJKV1QiLCJhbGciOiJIUzI1NiJ9.eyJpc3MiOiJ5b3VyX2FwcF9uYW1lIiwiYXVkIjoieW91cl9hcHBfYXVkaWVuY2UiLCJpYXQiOjE3MzU5NjQxNDIsImV4cCI6MTczNjA1MDU0MiwidXNlcklkIjoxfQ.Hgmlrz8hgwS9nyEHnYyeHMQHF1qiHBNNtfOHqRWicbE', '2025-01-04 04:15:42', '0000-00-00 00:00:00'),
(122, 24, 'eyJ0eXAiOiJKV1QiLCJhbGciOiJIUzI1NiJ9.eyJpc3MiOiJ5b3VyX2FwcF9uYW1lIiwiYXVkIjoieW91cl9hcHBfYXVkaWVuY2UiLCJpYXQiOjE3MzU5NjQ4NjAsImV4cCI6MTczNjA1MTI2MCwidXNlcklkIjoyNH0.G6INR_eL516tJxwZxqTWscQlaucesJWaYCY5SCuQ_CQ', '2025-01-04 04:27:40', '0000-00-00 00:00:00'),
(123, 1, 'eyJ0eXAiOiJKV1QiLCJhbGciOiJIUzI1NiJ9.eyJpc3MiOiJ5b3VyX2FwcF9uYW1lIiwiYXVkIjoieW91cl9hcHBfYXVkaWVuY2UiLCJpYXQiOjE3MzU5NjY0NzAsImV4cCI6MTczNjA1Mjg3MCwidXNlcklkIjoxfQ.SzDl23mQYw09rzVp-cuUEwi4vT3IYDgcK2zpU1DiEcU', '2025-01-04 04:54:30', '0000-00-00 00:00:00'),
(124, 24, 'eyJ0eXAiOiJKV1QiLCJhbGciOiJIUzI1NiJ9.eyJpc3MiOiJ5b3VyX2FwcF9uYW1lIiwiYXVkIjoieW91cl9hcHBfYXVkaWVuY2UiLCJpYXQiOjE3MzU5NjY3NzQsImV4cCI6MTczNjA1MzE3NCwidXNlcklkIjoyNH0.Vvo6o1moFZ3a4BKOKdkMPdPxHcWVXq0yf8jO-e5Jbnk', '2025-01-04 04:59:34', '0000-00-00 00:00:00'),
(125, 17, 'eyJ0eXAiOiJKV1QiLCJhbGciOiJIUzI1NiJ9.eyJpc3MiOiJ5b3VyX2FwcF9uYW1lIiwiYXVkIjoieW91cl9hcHBfYXVkaWVuY2UiLCJpYXQiOjE3MzU5NjcwMzIsImV4cCI6MTczNjA1MzQzMiwidXNlcklkIjoxN30.28Em0Ml-iimmW6IBy2TqCD3snReamrgUZeKKofIzv_0', '2025-01-04 05:03:52', '0000-00-00 00:00:00'),
(126, 1, 'eyJ0eXAiOiJKV1QiLCJhbGciOiJIUzI1NiJ9.eyJpc3MiOiJ5b3VyX2FwcF9uYW1lIiwiYXVkIjoieW91cl9hcHBfYXVkaWVuY2UiLCJpYXQiOjE3MzU5Njc0ODksImV4cCI6MTczNjA1Mzg4OSwidXNlcklkIjoxfQ.P6WEoOGQbytaxcq16Z9jp7ECjQGZGeZ9v1Ydyp7kqsk', '2025-01-04 05:11:29', '0000-00-00 00:00:00'),
(127, 24, 'eyJ0eXAiOiJKV1QiLCJhbGciOiJIUzI1NiJ9.eyJpc3MiOiJ5b3VyX2FwcF9uYW1lIiwiYXVkIjoieW91cl9hcHBfYXVkaWVuY2UiLCJpYXQiOjE3MzU5Njc1MDcsImV4cCI6MTczNjA1MzkwNywidXNlcklkIjoyNH0.rTOcG1W3omhMbmNy1hL7y7xy9R3tJNG47kUIYX4_dpQ', '2025-01-04 05:11:47', '0000-00-00 00:00:00'),
(128, 1, 'eyJ0eXAiOiJKV1QiLCJhbGciOiJIUzI1NiJ9.eyJpc3MiOiJ5b3VyX2FwcF9uYW1lIiwiYXVkIjoieW91cl9hcHBfYXVkaWVuY2UiLCJpYXQiOjE3MzU5Njg3ODgsImV4cCI6MTczNjA1NTE4OCwidXNlcklkIjoxfQ.CoHzqbRcUIshhppx6sfS4Sekum5kc7vjJyQYt5JWx7w', '2025-01-04 05:33:08', '0000-00-00 00:00:00'),
(129, 1, 'eyJ0eXAiOiJKV1QiLCJhbGciOiJIUzI1NiJ9.eyJpc3MiOiJ5b3VyX2FwcF9uYW1lIiwiYXVkIjoieW91cl9hcHBfYXVkaWVuY2UiLCJpYXQiOjE3MzU5NzgwMjIsImV4cCI6MTczNjA2NDQyMiwidXNlcklkIjoxfQ.ZRQvBUJy_Yx-NmuskXBloccIxislIbC2E_EPfoFuILA', '2025-01-04 08:07:02', '0000-00-00 00:00:00'),
(130, 1, 'eyJ0eXAiOiJKV1QiLCJhbGciOiJIUzI1NiJ9.eyJpc3MiOiJ5b3VyX2FwcF9uYW1lIiwiYXVkIjoieW91cl9hcHBfYXVkaWVuY2UiLCJpYXQiOjE3MzU5NzgxNTQsImV4cCI6MTczNjA2NDU1NCwidXNlcklkIjoxfQ.a60_xI7C8jfjtSLVvHuMTMJ7qTdcz4itha81vHQuTh4', '2025-01-04 08:09:14', '0000-00-00 00:00:00'),
(131, 17, 'eyJ0eXAiOiJKV1QiLCJhbGciOiJIUzI1NiJ9.eyJpc3MiOiJ5b3VyX2FwcF9uYW1lIiwiYXVkIjoieW91cl9hcHBfYXVkaWVuY2UiLCJpYXQiOjE3MzU5NzkyMzgsImV4cCI6MTczNjA2NTYzOCwidXNlcklkIjoxN30.PsE2mqfWkNtRTZ4YmW6dPOm1sHAupD2SspaMM-BDZAg', '2025-01-04 08:27:18', '0000-00-00 00:00:00'),
(132, 1, 'eyJ0eXAiOiJKV1QiLCJhbGciOiJIUzI1NiJ9.eyJpc3MiOiJ5b3VyX2FwcF9uYW1lIiwiYXVkIjoieW91cl9hcHBfYXVkaWVuY2UiLCJpYXQiOjE3MzU5Nzk0MDksImV4cCI6MTczNjA2NTgwOSwidXNlcklkIjoxfQ.whARa0Qx72deAlRoI5OYZSf1L4EkUvAFyfWUAT6e4LA', '2025-01-04 08:30:09', '0000-00-00 00:00:00'),
(133, 1, 'eyJ0eXAiOiJKV1QiLCJhbGciOiJIUzI1NiJ9.eyJpc3MiOiJ5b3VyX2FwcF9uYW1lIiwiYXVkIjoieW91cl9hcHBfYXVkaWVuY2UiLCJpYXQiOjE3MzYwMDYzNTksImV4cCI6MTczNjA5Mjc1OSwidXNlcklkIjoxfQ.pMl3PSh_Hv_C00UmMfE54XBH4LRtZIH5GTzaEA6mlUQ', '2025-01-04 15:59:19', '0000-00-00 00:00:00'),
(134, 1, 'eyJ0eXAiOiJKV1QiLCJhbGciOiJIUzI1NiJ9.eyJpc3MiOiJ5b3VyX2FwcF9uYW1lIiwiYXVkIjoieW91cl9hcHBfYXVkaWVuY2UiLCJpYXQiOjE3MzYwMDY3MDIsImV4cCI6MTczNjA5MzEwMiwidXNlcklkIjoxfQ.oOPkTDX-YVIlUjnQ9M5wKx1yCPtf1BbCwkRGbiUGmuk', '2025-01-04 16:05:02', '0000-00-00 00:00:00'),
(135, 1, 'eyJ0eXAiOiJKV1QiLCJhbGciOiJIUzI1NiJ9.eyJpc3MiOiJ5b3VyX2FwcF9uYW1lIiwiYXVkIjoieW91cl9hcHBfYXVkaWVuY2UiLCJpYXQiOjE3MzYwMDczMzYsImV4cCI6MTczNjA5MzczNiwidXNlcklkIjoxfQ.jHEyYjCxUUiZQuaXIBS_iVhvq5fhKXGX4bF_jB64QAM', '2025-01-04 16:15:36', '0000-00-00 00:00:00'),
(136, 1, 'eyJ0eXAiOiJKV1QiLCJhbGciOiJIUzI1NiJ9.eyJpc3MiOiJ5b3VyX2FwcF9uYW1lIiwiYXVkIjoieW91cl9hcHBfYXVkaWVuY2UiLCJpYXQiOjE3MzYwMDc5ODAsImV4cCI6MTczNjA5NDM4MCwidXNlcklkIjoxfQ.p38ZGoukCgSn2bTEdrBP1jz9Eu8oGYuMD7eiEqWkJz4', '2025-01-04 16:26:20', '0000-00-00 00:00:00'),
(137, 1, 'eyJ0eXAiOiJKV1QiLCJhbGciOiJIUzI1NiJ9.eyJpc3MiOiJ5b3VyX2FwcF9uYW1lIiwiYXVkIjoieW91cl9hcHBfYXVkaWVuY2UiLCJpYXQiOjE3MzYwMDgyODcsImV4cCI6MTczNjA5NDY4NywidXNlcklkIjoxfQ.kcaUvIQEONRy-2Re8hBIxjbWvTYkzko3u8CpYV2e6Yo', '2025-01-04 16:31:27', '0000-00-00 00:00:00'),
(138, 1, 'eyJ0eXAiOiJKV1QiLCJhbGciOiJIUzI1NiJ9.eyJpc3MiOiJ5b3VyX2FwcF9uYW1lIiwiYXVkIjoieW91cl9hcHBfYXVkaWVuY2UiLCJpYXQiOjE3MzYwMDg1MTksImV4cCI6MTczNjA5NDkxOSwidXNlcklkIjoxfQ.bJT2mUoBuNBtf2JcwzM98x3Q3-A7Hqvt1fwg0L6NCHI', '2025-01-04 16:35:19', '0000-00-00 00:00:00'),
(139, 1, 'eyJ0eXAiOiJKV1QiLCJhbGciOiJIUzI1NiJ9.eyJpc3MiOiJ5b3VyX2FwcF9uYW1lIiwiYXVkIjoieW91cl9hcHBfYXVkaWVuY2UiLCJpYXQiOjE3MzYwNTI1NzcsImV4cCI6MTczNjEzODk3NywidXNlcklkIjoxfQ.6VnH9BcWk3V4yHDchdNqYQbfyJL_rAxE1FZ0vfH3jTk', '2025-01-05 04:49:37', '0000-00-00 00:00:00'),
(140, 1, 'eyJ0eXAiOiJKV1QiLCJhbGciOiJIUzI1NiJ9.eyJpc3MiOiJ5b3VyX2FwcF9uYW1lIiwiYXVkIjoieW91cl9hcHBfYXVkaWVuY2UiLCJpYXQiOjE3MzYwNTI5OTgsImV4cCI6MTczNjEzOTM5OCwidXNlcklkIjoxfQ.YSHdlHZ-5_bOthrazIMfQuod2DFe-BYxgrkcRzRNqZY', '2025-01-05 04:56:38', '0000-00-00 00:00:00'),
(141, 1, 'eyJ0eXAiOiJKV1QiLCJhbGciOiJIUzI1NiJ9.eyJpc3MiOiJ5b3VyX2FwcF9uYW1lIiwiYXVkIjoieW91cl9hcHBfYXVkaWVuY2UiLCJpYXQiOjE3MzYwNTMxNTMsImV4cCI6MTczNjEzOTU1MywidXNlcklkIjoxfQ.Xf_TbwgaJ0blvKuGiSz8NVSEMXCd82bpwOQw5CRsQHE', '2025-01-05 04:59:13', '0000-00-00 00:00:00'),
(142, 17, 'eyJ0eXAiOiJKV1QiLCJhbGciOiJIUzI1NiJ9.eyJpc3MiOiJ5b3VyX2FwcF9uYW1lIiwiYXVkIjoieW91cl9hcHBfYXVkaWVuY2UiLCJpYXQiOjE3MzYwNTU0MTUsImV4cCI6MTczNjE0MTgxNSwidXNlcklkIjoxN30.TmyxQXcluNiy6T4xYw1vqYUiA2AUcUzXCDChgNOaH5M', '2025-01-05 05:36:55', '0000-00-00 00:00:00'),
(143, 1, 'eyJ0eXAiOiJKV1QiLCJhbGciOiJIUzI1NiJ9.eyJpc3MiOiJ5b3VyX2FwcF9uYW1lIiwiYXVkIjoieW91cl9hcHBfYXVkaWVuY2UiLCJpYXQiOjE3MzYwNTU0NjcsImV4cCI6MTczNjE0MTg2NywidXNlcklkIjoxfQ.Yg8N9aFDWXmj__vBpMCjBMT7KWQbGAt0h6UFEtcuCmY', '2025-01-05 05:37:47', '0000-00-00 00:00:00'),
(144, 1, 'eyJ0eXAiOiJKV1QiLCJhbGciOiJIUzI1NiJ9.eyJpc3MiOiJ5b3VyX2FwcF9uYW1lIiwiYXVkIjoieW91cl9hcHBfYXVkaWVuY2UiLCJpYXQiOjE3MzYwNTU4MTUsImV4cCI6MTczNjE0MjIxNSwidXNlcklkIjoxfQ.hhKOezXMlkFMTeHofApfjkzUOcX5SC2eSc_OGokjkEw', '2025-01-05 05:43:35', '0000-00-00 00:00:00'),
(145, 1, 'eyJ0eXAiOiJKV1QiLCJhbGciOiJIUzI1NiJ9.eyJpc3MiOiJ5b3VyX2FwcF9uYW1lIiwiYXVkIjoieW91cl9hcHBfYXVkaWVuY2UiLCJpYXQiOjE3MzYwNTU5MTMsImV4cCI6MTczNjE0MjMxMywidXNlcklkIjoxfQ.sF2n53lYybLQn2-LNirzwmgrE8qdFQCD6TwBQmKPIhw', '2025-01-05 05:45:13', '0000-00-00 00:00:00'),
(146, 1, 'eyJ0eXAiOiJKV1QiLCJhbGciOiJIUzI1NiJ9.eyJpc3MiOiJ5b3VyX2FwcF9uYW1lIiwiYXVkIjoieW91cl9hcHBfYXVkaWVuY2UiLCJpYXQiOjE3MzYwNTg4OTQsImV4cCI6MTczNjE0NTI5NCwidXNlcklkIjoxfQ.KBMWCcUdPUsrEiP4ahJa51zDV6Irf1Y_jdWv5fY9Yso', '2025-01-05 06:34:54', '0000-00-00 00:00:00'),
(147, 13, 'eyJ0eXAiOiJKV1QiLCJhbGciOiJIUzI1NiJ9.eyJpc3MiOiJ5b3VyX2FwcF9uYW1lIiwiYXVkIjoieW91cl9hcHBfYXVkaWVuY2UiLCJpYXQiOjE3MzYwNjMyOTcsImV4cCI6MTczNjE0OTY5NywidXNlcklkIjoxM30.jFgABS1aLv9A1hvACGNUj0arJQYCF1yg8DU6QO403Oo', '2025-01-05 07:48:17', '0000-00-00 00:00:00'),
(148, 1, 'eyJ0eXAiOiJKV1QiLCJhbGciOiJIUzI1NiJ9.eyJpc3MiOiJ5b3VyX2FwcF9uYW1lIiwiYXVkIjoieW91cl9hcHBfYXVkaWVuY2UiLCJpYXQiOjE3MzYwNjM3NzksImV4cCI6MTczNjE1MDE3OSwidXNlcklkIjoxfQ.YwYAlqjhNfmYyu9il11k5xoTvTB-WMhK747id1F6R_8', '2025-01-05 07:56:19', '0000-00-00 00:00:00'),
(149, 1, 'eyJ0eXAiOiJKV1QiLCJhbGciOiJIUzI1NiJ9.eyJpc3MiOiJ5b3VyX2FwcF9uYW1lIiwiYXVkIjoieW91cl9hcHBfYXVkaWVuY2UiLCJpYXQiOjE3MzYwNzk3OTIsImV4cCI6MTczNjE2NjE5MiwidXNlcklkIjoxfQ.ohWe-lkLmO8QntVmiP0kqYJmfAj_a1T3gcy0gIkyx0E', '2025-01-05 12:23:12', '0000-00-00 00:00:00'),
(150, 28, 'eyJ0eXAiOiJKV1QiLCJhbGciOiJIUzI1NiJ9.eyJpc3MiOiJ5b3VyX2FwcF9uYW1lIiwiYXVkIjoieW91cl9hcHBfYXVkaWVuY2UiLCJpYXQiOjE3MzYwODEwMDQsImV4cCI6MTczNjE2NzQwNCwidXNlcklkIjoiMjgifQ.tTsgigV6K4daa21rq00cS4SZBYE-AjdHG6CvwUUxx8k', '2025-01-05 12:43:24', '0000-00-00 00:00:00'),
(151, 1, 'eyJ0eXAiOiJKV1QiLCJhbGciOiJIUzI1NiJ9.eyJpc3MiOiJ5b3VyX2FwcF9uYW1lIiwiYXVkIjoieW91cl9hcHBfYXVkaWVuY2UiLCJpYXQiOjE3MzYwODEzMTYsImV4cCI6MTczNjE2NzcxNiwidXNlcklkIjoxfQ.0KfV6bBh6HqUlknxxBrengc6NSF7cw0Vpan3mGgo13s', '2025-01-05 12:48:36', '0000-00-00 00:00:00'),
(152, 1, 'eyJ0eXAiOiJKV1QiLCJhbGciOiJIUzI1NiJ9.eyJpc3MiOiJ5b3VyX2FwcF9uYW1lIiwiYXVkIjoieW91cl9hcHBfYXVkaWVuY2UiLCJpYXQiOjE3MzYwODEzMzYsImV4cCI6MTczNjE2NzczNiwidXNlcklkIjoxfQ.Z1ntkhHYikmJATrWi17L-2mPYmFASHTDDFD3EfKHfzw', '2025-01-05 12:48:56', '0000-00-00 00:00:00'),
(153, 1, 'eyJ0eXAiOiJKV1QiLCJhbGciOiJIUzI1NiJ9.eyJpc3MiOiJ5b3VyX2FwcF9uYW1lIiwiYXVkIjoieW91cl9hcHBfYXVkaWVuY2UiLCJpYXQiOjE3MzYwODE0MzIsImV4cCI6MTczNjE2NzgzMiwidXNlcklkIjoxfQ.Bp4FwS_KyINSSmluaBAIgiU5LQdGYBS6pRlPv_asgP0', '2025-01-05 12:50:32', '0000-00-00 00:00:00'),
(154, 29, 'eyJ0eXAiOiJKV1QiLCJhbGciOiJIUzI1NiJ9.eyJpc3MiOiJ5b3VyX2FwcF9uYW1lIiwiYXVkIjoieW91cl9hcHBfYXVkaWVuY2UiLCJpYXQiOjE3MzYwODU2MzIsImV4cCI6MTczNjE3MjAzMiwidXNlcklkIjoiMjkifQ.WYYDbC72gbKqrmyuQYA5uo_Z6F97cdmkE_0oQ7WJOoM', '2025-01-05 14:00:32', '0000-00-00 00:00:00'),
(155, 1, 'eyJ0eXAiOiJKV1QiLCJhbGciOiJIUzI1NiJ9.eyJpc3MiOiJ5b3VyX2FwcF9uYW1lIiwiYXVkIjoieW91cl9hcHBfYXVkaWVuY2UiLCJpYXQiOjE3MzYwODY5ODMsImV4cCI6MTczNjE3MzM4MywidXNlcklkIjoxfQ.kA7f7hnJ6eJBtKPZi7vkkJ63_7tb10Dtmly7Lsipfjo', '2025-01-05 14:23:03', '0000-00-00 00:00:00'),
(156, 1, 'eyJ0eXAiOiJKV1QiLCJhbGciOiJIUzI1NiJ9.eyJpc3MiOiJ5b3VyX2FwcF9uYW1lIiwiYXVkIjoieW91cl9hcHBfYXVkaWVuY2UiLCJpYXQiOjE3MzYwOTM2NzksImV4cCI6MTczNjE4MDA3OSwidXNlcklkIjoxfQ.-TGovo774YCK4kttK1jdgwaUVu7sajQ6zmrs3Iv_emo', '2025-01-05 16:14:39', '0000-00-00 00:00:00'),
(157, 1, 'eyJ0eXAiOiJKV1QiLCJhbGciOiJIUzI1NiJ9.eyJpc3MiOiJ5b3VyX2FwcF9uYW1lIiwiYXVkIjoieW91cl9hcHBfYXVkaWVuY2UiLCJpYXQiOjE3MzYwOTUzOTksImV4cCI6MTczNjE4MTc5OSwidXNlcklkIjoxfQ.48S_FsQQIDZYA7RPRR5SP3YEMLgoUhv84PBTWg4x2Xo', '2025-01-05 16:43:19', '0000-00-00 00:00:00'),
(158, 17, 'eyJ0eXAiOiJKV1QiLCJhbGciOiJIUzI1NiJ9.eyJpc3MiOiJ5b3VyX2FwcF9uYW1lIiwiYXVkIjoieW91cl9hcHBfYXVkaWVuY2UiLCJpYXQiOjE3MzYxMDMzMjAsImV4cCI6MTczNjE4OTcyMCwidXNlcklkIjoxN30.GYuYcY6kFxjIiLqP4bXvoG60UXnulMXIn9bbY777yhE', '2025-01-05 18:55:20', '0000-00-00 00:00:00'),
(159, 32, 'eyJ0eXAiOiJKV1QiLCJhbGciOiJIUzI1NiJ9.eyJpc3MiOiJ5b3VyX2FwcF9uYW1lIiwiYXVkIjoieW91cl9hcHBfYXVkaWVuY2UiLCJpYXQiOjE3MzYxMDQwMTksImV4cCI6MTczNjE5MDQxOSwidXNlcklkIjoiMzIifQ.3175g4TORHCCUrMcoGS1Zl7Ug6BoceiX_yhV5RgzzqI', '2025-01-05 19:06:59', '0000-00-00 00:00:00'),
(160, 32, 'eyJ0eXAiOiJKV1QiLCJhbGciOiJIUzI1NiJ9.eyJpc3MiOiJ5b3VyX2FwcF9uYW1lIiwiYXVkIjoieW91cl9hcHBfYXVkaWVuY2UiLCJpYXQiOjE3MzYxMDQwNjEsImV4cCI6MTczNjE5MDQ2MSwidXNlcklkIjozMn0.2SMsHJvHagN-Vl9xK8s2dy7oLOUArBp4oKPbkB8uPhQ', '2025-01-05 19:07:41', '0000-00-00 00:00:00'),
(161, 1, 'eyJ0eXAiOiJKV1QiLCJhbGciOiJIUzI1NiJ9.eyJpc3MiOiJ5b3VyX2FwcF9uYW1lIiwiYXVkIjoieW91cl9hcHBfYXVkaWVuY2UiLCJpYXQiOjE3MzYxMjc5NzksImV4cCI6MTczNjIxNDM3OSwidXNlcklkIjoxfQ.7k02WGV9Sfe3EKRmIOU1a8oRW2ug4hr24qcOwpFncwo', '2025-01-06 01:46:19', '0000-00-00 00:00:00'),
(162, 1, 'eyJ0eXAiOiJKV1QiLCJhbGciOiJIUzI1NiJ9.eyJpc3MiOiJ5b3VyX2FwcF9uYW1lIiwiYXVkIjoieW91cl9hcHBfYXVkaWVuY2UiLCJpYXQiOjE3MzYxMjgwMTIsImV4cCI6MTczNjIxNDQxMiwidXNlcklkIjoxfQ.Mi4Z0BMCaN93qiBdhjJgaQaEES6PHhdKAs5lQq-Bd74', '2025-01-06 01:46:52', '0000-00-00 00:00:00'),
(163, 8, 'eyJ0eXAiOiJKV1QiLCJhbGciOiJIUzI1NiJ9.eyJpc3MiOiJ5b3VyX2FwcF9uYW1lIiwiYXVkIjoieW91cl9hcHBfYXVkaWVuY2UiLCJpYXQiOjE3MzYxMjgxMDAsImV4cCI6MTczNjIxNDUwMCwidXNlcklkIjo4fQ.R5lFwkiZyELkIrgA11EnihyZaSvs7fbwZL1NILMMuoE', '2025-01-06 01:48:20', '0000-00-00 00:00:00'),
(164, 1, 'eyJ0eXAiOiJKV1QiLCJhbGciOiJIUzI1NiJ9.eyJpc3MiOiJ5b3VyX2FwcF9uYW1lIiwiYXVkIjoieW91cl9hcHBfYXVkaWVuY2UiLCJpYXQiOjE3MzYxMjgyOTksImV4cCI6MTczNjIxNDY5OSwidXNlcklkIjoxfQ.eJoM7q86bbM7FSx1ZAo2LaQpwBcAMKz3vwZLEntBDo0', '2025-01-06 01:51:39', '0000-00-00 00:00:00'),
(165, 8, 'eyJ0eXAiOiJKV1QiLCJhbGciOiJIUzI1NiJ9.eyJpc3MiOiJ5b3VyX2FwcF9uYW1lIiwiYXVkIjoieW91cl9hcHBfYXVkaWVuY2UiLCJpYXQiOjE3MzYxMzE3NDEsImV4cCI6MTczNjIxODE0MSwidXNlcklkIjo4fQ.x_spdLs-0HYMtOD1AUiEG9_5as9Tk1NWkT68XUi_NzQ', '2025-01-06 02:49:01', '0000-00-00 00:00:00'),
(166, 1, 'eyJ0eXAiOiJKV1QiLCJhbGciOiJIUzI1NiJ9.eyJpc3MiOiJ5b3VyX2FwcF9uYW1lIiwiYXVkIjoieW91cl9hcHBfYXVkaWVuY2UiLCJpYXQiOjE3MzYxMzIyNzUsImV4cCI6MTczNjIxODY3NSwidXNlcklkIjoxfQ.J8N_nyGJCPGOhNz3sJJagxk1z7Xtd21-KeUy3x2BQIk', '2025-01-06 02:57:55', '0000-00-00 00:00:00'),
(167, 8, 'eyJ0eXAiOiJKV1QiLCJhbGciOiJIUzI1NiJ9.eyJpc3MiOiJ5b3VyX2FwcF9uYW1lIiwiYXVkIjoieW91cl9hcHBfYXVkaWVuY2UiLCJpYXQiOjE3MzYxMzMzNzAsImV4cCI6MTczNjIxOTc3MCwidXNlcklkIjo4fQ.mzOX_44iRjrgMZioeIYZ3ieFCn33vRLakAZO1sBw4sc', '2025-01-06 03:16:10', '0000-00-00 00:00:00'),
(168, 8, 'eyJ0eXAiOiJKV1QiLCJhbGciOiJIUzI1NiJ9.eyJpc3MiOiJ5b3VyX2FwcF9uYW1lIiwiYXVkIjoieW91cl9hcHBfYXVkaWVuY2UiLCJpYXQiOjE3MzYxMzQ0MzgsImV4cCI6MTczNjIyMDgzOCwidXNlcklkIjo4fQ.rruuyP7IdIPynntNmkx5uSL1eyhSSx6NioTelaD0dy8', '2025-01-06 03:33:58', '0000-00-00 00:00:00'),
(169, 24, 'eyJ0eXAiOiJKV1QiLCJhbGciOiJIUzI1NiJ9.eyJpc3MiOiJ5b3VyX2FwcF9uYW1lIiwiYXVkIjoieW91cl9hcHBfYXVkaWVuY2UiLCJpYXQiOjE3MzYxMzYzNTAsImV4cCI6MTczNjIyMjc1MCwidXNlcklkIjoyNH0.lzPAafs1_n1Mg6EnIe0vUO13mK7Uc5aC75INmi-AYe8', '2025-01-06 04:05:50', '0000-00-00 00:00:00'),
(170, 1, 'eyJ0eXAiOiJKV1QiLCJhbGciOiJIUzI1NiJ9.eyJpc3MiOiJ5b3VyX2FwcF9uYW1lIiwiYXVkIjoieW91cl9hcHBfYXVkaWVuY2UiLCJpYXQiOjE3MzYxNjk4MzcsImV4cCI6MTczNjI1NjIzNywidXNlcklkIjoxfQ.sA-RjwFFoRsA2dF2d-Ll0zl8fI4rwTeELOi-5vSeFpQ', '2025-01-06 13:23:57', '0000-00-00 00:00:00'),
(171, 1, 'eyJ0eXAiOiJKV1QiLCJhbGciOiJIUzI1NiJ9.eyJpc3MiOiJ5b3VyX2FwcF9uYW1lIiwiYXVkIjoieW91cl9hcHBfYXVkaWVuY2UiLCJpYXQiOjE3MzYxNzIyMDcsImV4cCI6MTczNjI1ODYwNywidXNlcklkIjoxfQ.rcDgqC9_rrFZQJdza0IfSLvKaRZp98LvI2f-1_3rk6k', '2025-01-06 14:03:27', '0000-00-00 00:00:00'),
(172, 1, 'eyJ0eXAiOiJKV1QiLCJhbGciOiJIUzI1NiJ9.eyJpc3MiOiJ5b3VyX2FwcF9uYW1lIiwiYXVkIjoieW91cl9hcHBfYXVkaWVuY2UiLCJpYXQiOjE3MzYxNzk4NjUsImV4cCI6MTczNjI2NjI2NSwidXNlcklkIjoxfQ.vRs5JBdGabXdAwz-R70eCN4BTcgXsAh-RVxYtdNbDpY', '2025-01-06 16:11:05', '0000-00-00 00:00:00'),
(173, 1, 'eyJ0eXAiOiJKV1QiLCJhbGciOiJIUzI1NiJ9.eyJpc3MiOiJ5b3VyX2FwcF9uYW1lIiwiYXVkIjoieW91cl9hcHBfYXVkaWVuY2UiLCJpYXQiOjE3MzYxOTI2MzgsImV4cCI6MTczNjI3OTAzOCwidXNlcklkIjoxfQ.3nspQ35pJaPA3dWweoDPDISwrSSwR7T3DdMv2Ay3sF0', '2025-01-06 19:43:58', '0000-00-00 00:00:00'),
(174, 29, 'eyJ0eXAiOiJKV1QiLCJhbGciOiJIUzI1NiJ9.eyJpc3MiOiJ5b3VyX2FwcF9uYW1lIiwiYXVkIjoieW91cl9hcHBfYXVkaWVuY2UiLCJpYXQiOjE3MzYyMzQzMjQsImV4cCI6MTczNjMyMDcyNCwidXNlcklkIjoyOX0.9MiuEe_7Vk72BEdAod1Vt7LEW0ANPFKfQ50xUNQKeb4', '2025-01-07 07:18:44', '0000-00-00 00:00:00'),
(175, 7, 'eyJ0eXAiOiJKV1QiLCJhbGciOiJIUzI1NiJ9.eyJpc3MiOiJ5b3VyX2FwcF9uYW1lIiwiYXVkIjoieW91cl9hcHBfYXVkaWVuY2UiLCJpYXQiOjE3MzYyMzQzOTQsImV4cCI6MTczNjMyMDc5NCwidXNlcklkIjo3fQ.4EvSc05v08WaxW6hhG68JfHGjeJkpHbGEmiKRlb6Vp4', '2025-01-07 07:19:54', '0000-00-00 00:00:00'),
(176, 33, 'eyJ0eXAiOiJKV1QiLCJhbGciOiJIUzI1NiJ9.eyJpc3MiOiJ5b3VyX2FwcF9uYW1lIiwiYXVkIjoieW91cl9hcHBfYXVkaWVuY2UiLCJpYXQiOjE3MzYzMTMzMTcsImV4cCI6MTczNjM5OTcxNywidXNlcklkIjoiMzMifQ.V2ZuNUHnkfkJOZcaepXYnl89hcFqfRJjhZKyx08dyiw', '2025-01-08 05:15:17', '0000-00-00 00:00:00'),
(177, 33, 'eyJ0eXAiOiJKV1QiLCJhbGciOiJIUzI1NiJ9.eyJpc3MiOiJ5b3VyX2FwcF9uYW1lIiwiYXVkIjoieW91cl9hcHBfYXVkaWVuY2UiLCJpYXQiOjE3MzYzMjQ0NzksImV4cCI6MTczNjQxMDg3OSwidXNlcklkIjozM30.oVX9XGlNpUhql2x_YnsqTdcNfEY2-qFjvknzs8afJi8', '2025-01-08 08:21:19', '0000-00-00 00:00:00'),
(178, 1, 'eyJ0eXAiOiJKV1QiLCJhbGciOiJIUzI1NiJ9.eyJpc3MiOiJ5b3VyX2FwcF9uYW1lIiwiYXVkIjoieW91cl9hcHBfYXVkaWVuY2UiLCJpYXQiOjE3MzYzMjg0NDUsImV4cCI6MTczNjQxNDg0NSwidXNlcklkIjoxfQ.wIiNxz1EoT1etKCZrwRQwGZTsNU_LUa-wWBrcWWbybI', '2025-01-08 09:27:25', '0000-00-00 00:00:00'),
(179, 17, 'eyJ0eXAiOiJKV1QiLCJhbGciOiJIUzI1NiJ9.eyJpc3MiOiJ5b3VyX2FwcF9uYW1lIiwiYXVkIjoieW91cl9hcHBfYXVkaWVuY2UiLCJpYXQiOjE3MzYzNTI3NzEsImV4cCI6MTczNjQzOTE3MSwidXNlcklkIjoxN30.ahcMyG-wKKx6oaLzUGw34v4d43xII6Exvn-nEQZJsAw', '2025-01-08 16:12:51', '0000-00-00 00:00:00'),
(180, 1, 'eyJ0eXAiOiJKV1QiLCJhbGciOiJIUzI1NiJ9.eyJpc3MiOiJ5b3VyX2FwcF9uYW1lIiwiYXVkIjoieW91cl9hcHBfYXVkaWVuY2UiLCJpYXQiOjE3MzYzNTI5MTUsImV4cCI6MTczNjQzOTMxNSwidXNlcklkIjoxfQ.80bbraJKfR694923LqejlqegqxKa2fpNDv6O89Hnyco', '2025-01-08 16:15:15', '0000-00-00 00:00:00'),
(181, 1, 'eyJ0eXAiOiJKV1QiLCJhbGciOiJIUzI1NiJ9.eyJpc3MiOiJ5b3VyX2FwcF9uYW1lIiwiYXVkIjoieW91cl9hcHBfYXVkaWVuY2UiLCJpYXQiOjE3MzYzNTQyMzQsImV4cCI6MTczNjQ0MDYzNCwidXNlcklkIjoxfQ.aC265uqJhXJHv4e_xT2ic9Ek-47mA0EgMMdTcKOnhaA', '2025-01-08 16:37:14', '0000-00-00 00:00:00'),
(182, 17, 'eyJ0eXAiOiJKV1QiLCJhbGciOiJIUzI1NiJ9.eyJpc3MiOiJ5b3VyX2FwcF9uYW1lIiwiYXVkIjoieW91cl9hcHBfYXVkaWVuY2UiLCJpYXQiOjE3MzYzNTQyNjAsImV4cCI6MTczNjQ0MDY2MCwidXNlcklkIjoxN30.gesfnWvyhj0rLq2bs87bvvxOOX0bqkKnpdX96fLf1w8', '2025-01-08 16:37:40', '0000-00-00 00:00:00'),
(183, 1, 'eyJ0eXAiOiJKV1QiLCJhbGciOiJIUzI1NiJ9.eyJpc3MiOiJ5b3VyX2FwcF9uYW1lIiwiYXVkIjoieW91cl9hcHBfYXVkaWVuY2UiLCJpYXQiOjE3MzYzNTQ3ODEsImV4cCI6MTczNjQ0MTE4MSwidXNlcklkIjoxfQ.Pn9Cb6S6mYQa2DbReO_KyV1zc5k1DWQ5Op5d9Yk28jE', '2025-01-08 16:46:21', '0000-00-00 00:00:00'),
(184, 17, 'eyJ0eXAiOiJKV1QiLCJhbGciOiJIUzI1NiJ9.eyJpc3MiOiJ5b3VyX2FwcF9uYW1lIiwiYXVkIjoieW91cl9hcHBfYXVkaWVuY2UiLCJpYXQiOjE3MzY0MTUyMTIsImV4cCI6MTczNjUwMTYxMiwidXNlcklkIjoxN30.0uZG3h0S2x2enrqjWfMIiQ08-mCQNIYyVDqCgJGVBm0', '2025-01-09 09:33:32', '0000-00-00 00:00:00'),
(185, 29, 'eyJ0eXAiOiJKV1QiLCJhbGciOiJIUzI1NiJ9.eyJpc3MiOiJ5b3VyX2FwcF9uYW1lIiwiYXVkIjoieW91cl9hcHBfYXVkaWVuY2UiLCJpYXQiOjE3MzY0MTYzNDksImV4cCI6MTczNjUwMjc0OSwidXNlcklkIjoyOX0.aD5qHi5ZWAtCSAi3PpC6RZqssuC9lVQEgTHHljVBtqE', '2025-01-09 09:52:29', '0000-00-00 00:00:00'),
(186, 24, 'eyJ0eXAiOiJKV1QiLCJhbGciOiJIUzI1NiJ9.eyJpc3MiOiJ5b3VyX2FwcF9uYW1lIiwiYXVkIjoieW91cl9hcHBfYXVkaWVuY2UiLCJpYXQiOjE3MzY0MTYzNzUsImV4cCI6MTczNjUwMjc3NSwidXNlcklkIjoyNH0.WAhXOB--SqLucF84tnJBHNzBeJ9KBtIuIR6CpNJjzzk', '2025-01-09 09:52:55', '0000-00-00 00:00:00'),
(187, 10, 'eyJ0eXAiOiJKV1QiLCJhbGciOiJIUzI1NiJ9.eyJpc3MiOiJ5b3VyX2FwcF9uYW1lIiwiYXVkIjoieW91cl9hcHBfYXVkaWVuY2UiLCJpYXQiOjE3MzY0MTY0NjIsImV4cCI6MTczNjUwMjg2MiwidXNlcklkIjoxMH0.jb66FNBcQ4DqGrr_uPwYUhNTDHJWhfXGqnpkJnwNeV0', '2025-01-09 09:54:22', '0000-00-00 00:00:00'),
(188, 17, 'eyJ0eXAiOiJKV1QiLCJhbGciOiJIUzI1NiJ9.eyJpc3MiOiJ5b3VyX2FwcF9uYW1lIiwiYXVkIjoieW91cl9hcHBfYXVkaWVuY2UiLCJpYXQiOjE3MzY0MTcwMzQsImV4cCI6MTczNjUwMzQzNCwidXNlcklkIjoxN30.lchoUtiVahjBelqN5DFE2SEKk4L8oXeR4I1kOUliSVk', '2025-01-09 10:03:54', '0000-00-00 00:00:00'),
(189, 1, 'eyJ0eXAiOiJKV1QiLCJhbGciOiJIUzI1NiJ9.eyJpc3MiOiJ5b3VyX2FwcF9uYW1lIiwiYXVkIjoieW91cl9hcHBfYXVkaWVuY2UiLCJpYXQiOjE3MzY0MTc3NTYsImV4cCI6MTczNjUwNDE1NiwidXNlcklkIjoxfQ.EzKereBm0qIBVMb2WlLxyJSgEmxfnOOBUcHRGrL-GQ0', '2025-01-09 10:15:56', '0000-00-00 00:00:00'),
(190, 42, 'eyJ0eXAiOiJKV1QiLCJhbGciOiJIUzI1NiJ9.eyJpc3MiOiJ5b3VyX2FwcF9uYW1lIiwiYXVkIjoieW91cl9hcHBfYXVkaWVuY2UiLCJpYXQiOjE3MzY0MTgyNTYsImV4cCI6MTczNjUwNDY1NiwidXNlcklkIjoiNDIifQ.Zukv8HCkEFB1ii0p1xKxioF6HiQeH5Gq86xVLgG_JM8', '2025-01-09 10:24:16', '0000-00-00 00:00:00');
INSERT INTO `access_tokens` (`id`, `user_id`, `token`, `created_at`, `expires_at`) VALUES
(191, 43, 'eyJ0eXAiOiJKV1QiLCJhbGciOiJIUzI1NiJ9.eyJpc3MiOiJ5b3VyX2FwcF9uYW1lIiwiYXVkIjoieW91cl9hcHBfYXVkaWVuY2UiLCJpYXQiOjE3MzY0MTgzNjcsImV4cCI6MTczNjUwNDc2NywidXNlcklkIjoiNDMifQ.LtGYMm-4-xOpFDir3e9rnRZTjgY3p1Aip7UN0kd6ch4', '2025-01-09 10:26:07', '0000-00-00 00:00:00'),
(192, 44, 'eyJ0eXAiOiJKV1QiLCJhbGciOiJIUzI1NiJ9.eyJpc3MiOiJ5b3VyX2FwcF9uYW1lIiwiYXVkIjoieW91cl9hcHBfYXVkaWVuY2UiLCJpYXQiOjE3MzY0MTg0NzEsImV4cCI6MTczNjUwNDg3MSwidXNlcklkIjoiNDQifQ.c39Hqq6vjfiEjFf2K4FdeY2WUrOSrty5kvCJG0jI_ew', '2025-01-09 10:27:51', '0000-00-00 00:00:00'),
(193, 45, 'eyJ0eXAiOiJKV1QiLCJhbGciOiJIUzI1NiJ9.eyJpc3MiOiJ5b3VyX2FwcF9uYW1lIiwiYXVkIjoieW91cl9hcHBfYXVkaWVuY2UiLCJpYXQiOjE3MzY0MTg2NTYsImV4cCI6MTczNjUwNTA1NiwidXNlcklkIjoiNDUifQ.CdhcU1bBRYFQCsnJ0hfd5pDC7af6MdRlCU1-NMrxqfA', '2025-01-09 10:30:56', '0000-00-00 00:00:00'),
(194, 46, 'eyJ0eXAiOiJKV1QiLCJhbGciOiJIUzI1NiJ9.eyJpc3MiOiJ5b3VyX2FwcF9uYW1lIiwiYXVkIjoieW91cl9hcHBfYXVkaWVuY2UiLCJpYXQiOjE3MzY0MTg3ODUsImV4cCI6MTczNjUwNTE4NSwidXNlcklkIjoiNDYifQ.tiQT4EFygkqc3CLGGdUhwB3nBn3SPLrjCzci4Aefn94', '2025-01-09 10:33:05', '0000-00-00 00:00:00'),
(195, 47, 'eyJ0eXAiOiJKV1QiLCJhbGciOiJIUzI1NiJ9.eyJpc3MiOiJ5b3VyX2FwcF9uYW1lIiwiYXVkIjoieW91cl9hcHBfYXVkaWVuY2UiLCJpYXQiOjE3MzY0MTg5MDIsImV4cCI6MTczNjUwNTMwMiwidXNlcklkIjoiNDcifQ.rUz9SZmUTz0mTx0pQod9Mowo6QvVFMXcepKkufJlN_w', '2025-01-09 10:35:02', '0000-00-00 00:00:00'),
(196, 48, 'eyJ0eXAiOiJKV1QiLCJhbGciOiJIUzI1NiJ9.eyJpc3MiOiJ5b3VyX2FwcF9uYW1lIiwiYXVkIjoieW91cl9hcHBfYXVkaWVuY2UiLCJpYXQiOjE3MzY0MTkwMzUsImV4cCI6MTczNjUwNTQzNSwidXNlcklkIjoiNDgifQ.QUsFCkDPB3ABKrvUWXW9pXfQ8EXil7tb3nI6YknkZtU', '2025-01-09 10:37:15', '0000-00-00 00:00:00'),
(197, 1, 'eyJ0eXAiOiJKV1QiLCJhbGciOiJIUzI1NiJ9.eyJpc3MiOiJ5b3VyX2FwcF9uYW1lIiwiYXVkIjoieW91cl9hcHBfYXVkaWVuY2UiLCJpYXQiOjE3MzY0MTkxNzQsImV4cCI6MTczNjUwNTU3NCwidXNlcklkIjoxfQ.P7Z8GXdOR3SE8-dWZP54KJ0rQObePyGJw8sTr86tjDg', '2025-01-09 10:39:34', '0000-00-00 00:00:00'),
(198, 49, 'eyJ0eXAiOiJKV1QiLCJhbGciOiJIUzI1NiJ9.eyJpc3MiOiJ5b3VyX2FwcF9uYW1lIiwiYXVkIjoieW91cl9hcHBfYXVkaWVuY2UiLCJpYXQiOjE3MzY0MTkzNjEsImV4cCI6MTczNjUwNTc2MSwidXNlcklkIjoiNDkifQ.YLRvsgu2jsoQjZ-UOrHHWq1_PbkSTDabkWWoHfweqU8', '2025-01-09 10:42:41', '0000-00-00 00:00:00'),
(199, 50, 'eyJ0eXAiOiJKV1QiLCJhbGciOiJIUzI1NiJ9.eyJpc3MiOiJ5b3VyX2FwcF9uYW1lIiwiYXVkIjoieW91cl9hcHBfYXVkaWVuY2UiLCJpYXQiOjE3MzY0MTk1NTksImV4cCI6MTczNjUwNTk1OSwidXNlcklkIjoiNTAifQ.k5XQcEOnJgcSQ2ii3NDfvclX9ZtuobsH_-0Enr9_A3w', '2025-01-09 10:45:59', '0000-00-00 00:00:00'),
(200, 51, 'eyJ0eXAiOiJKV1QiLCJhbGciOiJIUzI1NiJ9.eyJpc3MiOiJ5b3VyX2FwcF9uYW1lIiwiYXVkIjoieW91cl9hcHBfYXVkaWVuY2UiLCJpYXQiOjE3MzY0MTk3NjMsImV4cCI6MTczNjUwNjE2MywidXNlcklkIjoiNTEifQ.G9TvUySoNILXHZNYdQXED7ET7FoTgFU4XOKuSHGmS6A', '2025-01-09 10:49:23', '0000-00-00 00:00:00'),
(201, 1, 'eyJ0eXAiOiJKV1QiLCJhbGciOiJIUzI1NiJ9.eyJpc3MiOiJ5b3VyX2FwcF9uYW1lIiwiYXVkIjoieW91cl9hcHBfYXVkaWVuY2UiLCJpYXQiOjE3MzY0MTk3OTcsImV4cCI6MTczNjUwNjE5NywidXNlcklkIjoxfQ.6ij6hA-NfuOiMY8o_O_2V6hYAFVOr_Y-eybPAfaBbVo', '2025-01-09 10:49:57', '0000-00-00 00:00:00'),
(202, 17, 'eyJ0eXAiOiJKV1QiLCJhbGciOiJIUzI1NiJ9.eyJpc3MiOiJ5b3VyX2FwcF9uYW1lIiwiYXVkIjoieW91cl9hcHBfYXVkaWVuY2UiLCJpYXQiOjE3MzY0MjA0NDQsImV4cCI6MTczNjUwNjg0NCwidXNlcklkIjoxN30.ZXGiqxAOdiqe-mMyr-RiturrQ1DFt9X7JFpUa22aU9k', '2025-01-09 11:00:44', '0000-00-00 00:00:00'),
(203, 1, 'eyJ0eXAiOiJKV1QiLCJhbGciOiJIUzI1NiJ9.eyJpc3MiOiJ5b3VyX2FwcF9uYW1lIiwiYXVkIjoieW91cl9hcHBfYXVkaWVuY2UiLCJpYXQiOjE3MzY0MjA2MjksImV4cCI6MTczNjUwNzAyOSwidXNlcklkIjoxfQ.wnecl0rDAEJbYj8MJ8lP7wIqNjkViuYL5l1rt7CeQXQ', '2025-01-09 11:03:49', '0000-00-00 00:00:00'),
(204, 17, 'eyJ0eXAiOiJKV1QiLCJhbGciOiJIUzI1NiJ9.eyJpc3MiOiJ5b3VyX2FwcF9uYW1lIiwiYXVkIjoieW91cl9hcHBfYXVkaWVuY2UiLCJpYXQiOjE3MzY0MjA5NDQsImV4cCI6MTczNjUwNzM0NCwidXNlcklkIjoxN30.7x0UJQE6Q_vwq3Hrq80LHGNmLfQ6lSSgIu9gpPoH_Q4', '2025-01-09 11:09:04', '0000-00-00 00:00:00'),
(205, 1, 'eyJ0eXAiOiJKV1QiLCJhbGciOiJIUzI1NiJ9.eyJpc3MiOiJ5b3VyX2FwcF9uYW1lIiwiYXVkIjoieW91cl9hcHBfYXVkaWVuY2UiLCJpYXQiOjE3MzY0MjA5ODAsImV4cCI6MTczNjUwNzM4MCwidXNlcklkIjoxfQ.7ppPodnF8Hw8sEetFekmValP2ufpZfGxcQrXJmubjlI', '2025-01-09 11:09:40', '0000-00-00 00:00:00'),
(206, 17, 'eyJ0eXAiOiJKV1QiLCJhbGciOiJIUzI1NiJ9.eyJpc3MiOiJ5b3VyX2FwcF9uYW1lIiwiYXVkIjoieW91cl9hcHBfYXVkaWVuY2UiLCJpYXQiOjE3MzY0MjE2ODcsImV4cCI6MTczNjUwODA4NywidXNlcklkIjoxN30.01pM6Rfe5QNpxG4VmxIk81q100mZv5Hh6840wjx0qkY', '2025-01-09 11:21:27', '0000-00-00 00:00:00'),
(207, 1, 'eyJ0eXAiOiJKV1QiLCJhbGciOiJIUzI1NiJ9.eyJpc3MiOiJ5b3VyX2FwcF9uYW1lIiwiYXVkIjoieW91cl9hcHBfYXVkaWVuY2UiLCJpYXQiOjE3MzY0MjE3MzMsImV4cCI6MTczNjUwODEzMywidXNlcklkIjoxfQ.9FjSvC9OYZL2U8cAU5JQI-fgGb4TOOes05eIz9bZxoY', '2025-01-09 11:22:13', '0000-00-00 00:00:00'),
(208, 17, 'eyJ0eXAiOiJKV1QiLCJhbGciOiJIUzI1NiJ9.eyJpc3MiOiJ5b3VyX2FwcF9uYW1lIiwiYXVkIjoieW91cl9hcHBfYXVkaWVuY2UiLCJpYXQiOjE3MzY0MjE4NzIsImV4cCI6MTczNjUwODI3MiwidXNlcklkIjoxN30.rSI9Uy2VRyc-DleEFUc5SqW6r8aADXhm3dIG6ZuPhUc', '2025-01-09 11:24:32', '0000-00-00 00:00:00'),
(209, 1, 'eyJ0eXAiOiJKV1QiLCJhbGciOiJIUzI1NiJ9.eyJpc3MiOiJ5b3VyX2FwcF9uYW1lIiwiYXVkIjoieW91cl9hcHBfYXVkaWVuY2UiLCJpYXQiOjE3MzY0MjIwODksImV4cCI6MTczNjUwODQ4OSwidXNlcklkIjoxfQ.1dLl2F7eAvPo3RD9gcVVG41PcvpwoPK6ITgYqnMebZE', '2025-01-09 11:28:09', '0000-00-00 00:00:00'),
(210, 1, 'eyJ0eXAiOiJKV1QiLCJhbGciOiJIUzI1NiJ9.eyJpc3MiOiJ5b3VyX2FwcF9uYW1lIiwiYXVkIjoieW91cl9hcHBfYXVkaWVuY2UiLCJpYXQiOjE3MzY0Mzk0NzgsImV4cCI6MTczNjUyNTg3OCwidXNlcklkIjoxfQ.IZjKj8582jDMvMcGfuHCK0CU8IbKS2J_bM1Jp5AP4dg', '2025-01-09 16:17:58', '0000-00-00 00:00:00'),
(211, 1, 'eyJ0eXAiOiJKV1QiLCJhbGciOiJIUzI1NiJ9.eyJpc3MiOiJ5b3VyX2FwcF9uYW1lIiwiYXVkIjoieW91cl9hcHBfYXVkaWVuY2UiLCJpYXQiOjE3MzY0NDE5NzUsImV4cCI6MTczNjUyODM3NSwidXNlcklkIjoxfQ.Fj0_zxJGYBjG_XzS6uNaZbYQAC-Mmmkv-OlCQqjPHXE', '2025-01-09 16:59:35', '0000-00-00 00:00:00'),
(212, 41, 'eyJ0eXAiOiJKV1QiLCJhbGciOiJIUzI1NiJ9.eyJpc3MiOiJ5b3VyX2FwcF9uYW1lIiwiYXVkIjoieW91cl9hcHBfYXVkaWVuY2UiLCJpYXQiOjE3MzY0NDIzNDQsImV4cCI6MTczNjUyODc0NCwidXNlcklkIjo0MX0.QdK5VA7ViYfqIREvaVlE0PrInD_Z0ls0oJLIrB47rLA', '2025-01-09 17:05:44', '0000-00-00 00:00:00'),
(213, 36, 'eyJ0eXAiOiJKV1QiLCJhbGciOiJIUzI1NiJ9.eyJpc3MiOiJ5b3VyX2FwcF9uYW1lIiwiYXVkIjoieW91cl9hcHBfYXVkaWVuY2UiLCJpYXQiOjE3MzY0NDI0MTIsImV4cCI6MTczNjUyODgxMiwidXNlcklkIjozNn0.tsLAcaOOsdB6b4KBRuFxTSZUUQXx-zXeEXiWQaLlkCQ', '2025-01-09 17:06:52', '0000-00-00 00:00:00'),
(214, 41, 'eyJ0eXAiOiJKV1QiLCJhbGciOiJIUzI1NiJ9.eyJpc3MiOiJ5b3VyX2FwcF9uYW1lIiwiYXVkIjoieW91cl9hcHBfYXVkaWVuY2UiLCJpYXQiOjE3MzY0NDI0NzksImV4cCI6MTczNjUyODg3OSwidXNlcklkIjo0MX0.jkRO554O4l7idCh5J-R6gx2SyhF1MQoPccOF0BG00HA', '2025-01-09 17:07:59', '0000-00-00 00:00:00'),
(215, 1, 'eyJ0eXAiOiJKV1QiLCJhbGciOiJIUzI1NiJ9.eyJpc3MiOiJ5b3VyX2FwcF9uYW1lIiwiYXVkIjoieW91cl9hcHBfYXVkaWVuY2UiLCJpYXQiOjE3MzY0NDI1NzUsImV4cCI6MTczNjUyODk3NSwidXNlcklkIjoxfQ.HEWlJJFsNYAXR-OjS0pnTVUEqpPXxRsNrtIKldI_KrQ', '2025-01-09 17:09:35', '0000-00-00 00:00:00'),
(216, 41, 'eyJ0eXAiOiJKV1QiLCJhbGciOiJIUzI1NiJ9.eyJpc3MiOiJ5b3VyX2FwcF9uYW1lIiwiYXVkIjoieW91cl9hcHBfYXVkaWVuY2UiLCJpYXQiOjE3MzY0NDI2MTAsImV4cCI6MTczNjUyOTAxMCwidXNlcklkIjo0MX0.bKv1L6Wiw_wOnQrTVWJJzqpWnNFdaz7lqVxo2APz0gg', '2025-01-09 17:10:10', '0000-00-00 00:00:00'),
(217, 41, 'eyJ0eXAiOiJKV1QiLCJhbGciOiJIUzI1NiJ9.eyJpc3MiOiJ5b3VyX2FwcF9uYW1lIiwiYXVkIjoieW91cl9hcHBfYXVkaWVuY2UiLCJpYXQiOjE3MzY0NDI4MDcsImV4cCI6MTczNjUyOTIwNywidXNlcklkIjo0MX0.YV4GB7G-1Hqr4d7Lz7k9fQRWTGNoee8G3Jqs9tl3msc', '2025-01-09 17:13:27', '0000-00-00 00:00:00'),
(218, 17, 'eyJ0eXAiOiJKV1QiLCJhbGciOiJIUzI1NiJ9.eyJpc3MiOiJ5b3VyX2FwcF9uYW1lIiwiYXVkIjoieW91cl9hcHBfYXVkaWVuY2UiLCJpYXQiOjE3MzY0NDI4NTMsImV4cCI6MTczNjUyOTI1MywidXNlcklkIjoxN30.dH2yCVX9gsyxm3AMNLrMK7tTKOap5r1bAd3FUBrbYD0', '2025-01-09 17:14:13', '0000-00-00 00:00:00'),
(219, 41, 'eyJ0eXAiOiJKV1QiLCJhbGciOiJIUzI1NiJ9.eyJpc3MiOiJ5b3VyX2FwcF9uYW1lIiwiYXVkIjoieW91cl9hcHBfYXVkaWVuY2UiLCJpYXQiOjE3MzY0NDI5MzEsImV4cCI6MTczNjUyOTMzMSwidXNlcklkIjo0MX0.TwD_-ZXiP8twfpil6WXHc5CSYBjoz7Fhn-jCc3540zQ', '2025-01-09 17:15:31', '0000-00-00 00:00:00'),
(220, 44, 'eyJ0eXAiOiJKV1QiLCJhbGciOiJIUzI1NiJ9.eyJpc3MiOiJ5b3VyX2FwcF9uYW1lIiwiYXVkIjoieW91cl9hcHBfYXVkaWVuY2UiLCJpYXQiOjE3MzY0NDMwMzYsImV4cCI6MTczNjUyOTQzNiwidXNlcklkIjo0NH0.lgh7cY8Sq7FOE2OSwa8Zb9HmT08kUFHBdkCuQ7kkfMY', '2025-01-09 17:17:16', '0000-00-00 00:00:00'),
(221, 1, 'eyJ0eXAiOiJKV1QiLCJhbGciOiJIUzI1NiJ9.eyJpc3MiOiJ5b3VyX2FwcF9uYW1lIiwiYXVkIjoieW91cl9hcHBfYXVkaWVuY2UiLCJpYXQiOjE3MzY0NDMwOTEsImV4cCI6MTczNjUyOTQ5MSwidXNlcklkIjoxfQ.XRAJyX232bFnn502vZvrNmJU0jv4Fx0r7ZHcMYIJRMA', '2025-01-09 17:18:11', '0000-00-00 00:00:00'),
(222, 41, 'eyJ0eXAiOiJKV1QiLCJhbGciOiJIUzI1NiJ9.eyJpc3MiOiJ5b3VyX2FwcF9uYW1lIiwiYXVkIjoieW91cl9hcHBfYXVkaWVuY2UiLCJpYXQiOjE3MzY0NDMxOTIsImV4cCI6MTczNjUyOTU5MiwidXNlcklkIjo0MX0.Jum6zbTriEs07E-9jRYxdj-kq6GCnFE-VNkHQXFVGOI', '2025-01-09 17:19:52', '0000-00-00 00:00:00'),
(223, 44, 'eyJ0eXAiOiJKV1QiLCJhbGciOiJIUzI1NiJ9.eyJpc3MiOiJ5b3VyX2FwcF9uYW1lIiwiYXVkIjoieW91cl9hcHBfYXVkaWVuY2UiLCJpYXQiOjE3MzY0NDMyMDcsImV4cCI6MTczNjUyOTYwNywidXNlcklkIjo0NH0._Dp_h-ycZKgt8IqW1DuD5GnrLlDFKi3lDUIx5uizqo0', '2025-01-09 17:20:07', '0000-00-00 00:00:00'),
(224, 41, 'eyJ0eXAiOiJKV1QiLCJhbGciOiJIUzI1NiJ9.eyJpc3MiOiJ5b3VyX2FwcF9uYW1lIiwiYXVkIjoieW91cl9hcHBfYXVkaWVuY2UiLCJpYXQiOjE3MzY0NDMyODUsImV4cCI6MTczNjUyOTY4NSwidXNlcklkIjo0MX0.9wQtchjkRaUplf163Kw44LAr1bBfPFv9OEG6lvxnnE8', '2025-01-09 17:21:25', '0000-00-00 00:00:00'),
(225, 1, 'eyJ0eXAiOiJKV1QiLCJhbGciOiJIUzI1NiJ9.eyJpc3MiOiJ5b3VyX2FwcF9uYW1lIiwiYXVkIjoieW91cl9hcHBfYXVkaWVuY2UiLCJpYXQiOjE3MzY0NDM1MDEsImV4cCI6MTczNjUyOTkwMSwidXNlcklkIjoxfQ.nF_6rlfakJZ8kdq4rfKLynLXCI3qSmMK6CblA4b_JnE', '2025-01-09 17:25:01', '0000-00-00 00:00:00'),
(226, 41, 'eyJ0eXAiOiJKV1QiLCJhbGciOiJIUzI1NiJ9.eyJpc3MiOiJ5b3VyX2FwcF9uYW1lIiwiYXVkIjoieW91cl9hcHBfYXVkaWVuY2UiLCJpYXQiOjE3MzY0NDQwMTAsImV4cCI6MTczNjUzMDQxMCwidXNlcklkIjo0MX0.l-qzebwRaNyZA-Ncxmaxi2dR8ILZlzwoQlY7Qbn4dXY', '2025-01-09 17:33:30', '0000-00-00 00:00:00'),
(227, 1, 'eyJ0eXAiOiJKV1QiLCJhbGciOiJIUzI1NiJ9.eyJpc3MiOiJ5b3VyX2FwcF9uYW1lIiwiYXVkIjoieW91cl9hcHBfYXVkaWVuY2UiLCJpYXQiOjE3MzY0NDQ1NDAsImV4cCI6MTczNjUzMDk0MCwidXNlcklkIjoxfQ.4Pn1IXtXobZifcdvx7_JnvodO8kJa1TfP-ccSZhtVFo', '2025-01-09 17:42:20', '0000-00-00 00:00:00'),
(228, 1, 'eyJ0eXAiOiJKV1QiLCJhbGciOiJIUzI1NiJ9.eyJpc3MiOiJ5b3VyX2FwcF9uYW1lIiwiYXVkIjoieW91cl9hcHBfYXVkaWVuY2UiLCJpYXQiOjE3MzY0NDcxOTMsImV4cCI6MTczNjUzMzU5MywidXNlcklkIjoxfQ.75PuPN8w_SBpFnQpcrYE5IzJ2tO57Vc_yUdaqNe9Kzk', '2025-01-09 18:26:33', '0000-00-00 00:00:00'),
(229, 41, 'eyJ0eXAiOiJKV1QiLCJhbGciOiJIUzI1NiJ9.eyJpc3MiOiJ5b3VyX2FwcF9uYW1lIiwiYXVkIjoieW91cl9hcHBfYXVkaWVuY2UiLCJpYXQiOjE3MzY0NDczNjgsImV4cCI6MTczNjUzMzc2OCwidXNlcklkIjo0MX0.h-5GjwOwhU_88SLJEJmqsY6YB087aLst4xjPiM-40dY', '2025-01-09 18:29:28', '0000-00-00 00:00:00'),
(230, 1, 'eyJ0eXAiOiJKV1QiLCJhbGciOiJIUzI1NiJ9.eyJpc3MiOiJ5b3VyX2FwcF9uYW1lIiwiYXVkIjoieW91cl9hcHBfYXVkaWVuY2UiLCJpYXQiOjE3MzY0NDc1MTUsImV4cCI6MTczNjUzMzkxNSwidXNlcklkIjoxfQ.dQ86GTI3FGucRHNLDQDevylH5g8i2jqKFiPbkmeEEXU', '2025-01-09 18:31:55', '0000-00-00 00:00:00');

-- --------------------------------------------------------

--
-- Table structure for table `chapters`
--

CREATE TABLE `chapters` (
  `id` int(11) NOT NULL,
  `name` varchar(255) NOT NULL,
  `link` text NOT NULL,
  `course_id` int(11) NOT NULL
) ENGINE=InnoDB DEFAULT CHARSET=utf8mb4 COLLATE=utf8mb4_general_ci;

--
-- Dumping data for table `chapters`
--

INSERT INTO `chapters` (`id`, `name`, `link`, `course_id`) VALUES
(2, 'Chapter 1: Introduction to SWD', 'https://youtu.be/MYFgtnKMDp4?si=CiyAmL52wlyJq-Cr', 2),
(3, 'Chapter 1: Professional Figma Introduction', 'https://youtu.be/7NiagEVWynU?si=dJAISP0Ccgg1WG1k', 3),
(4, 'Chapter 1: Figma Introduction', 'https://youtu.be/0uqoVYo0Lvk?si=5I_IZWvQ24QYcqwZ', 5),
(9, 'Chapter 2: Coding Part 1', 'https://youtu.be/DEFADGiknqA?si=QGLiD0czvEVeROeP', 13),
(11, 'Chapter 1: Introduction', 'https://youtu.be/uzkedMF-l4Q?si=x-qIZCmF0IyHqLrS', 13),
(12, 'Chapter 3: Coding Part 2', 'https://youtu.be/q5EctYACcI4?si=PZ9emFb_VS_X7QjL', 13),
(13, 'Chapter 4: Coding Part 3', 'https://youtu.be/q5EctYACcI4?si=cgBW6fn_9ig4FcmI', 13),
(14, 'Chapter 5: Thanos Portal Effect JavaScript Tutorial', 'https://youtu.be/KeVW_ezeGz8?si=XZPMUo4tKYC6fP18', 13),
(15, 'Chapter 6: Realistic Rain Effect Three.js Tutorial', 'https://youtu.be/1bkibGIG8i0?si=W-iomTzfkKQpuLHJ', 13),
(16, 'Chapter 7: Add 3D Model to WebSite in 5 Minutes ', 'https://youtu.be/1TeMXIWRrqE?si=b5j3jATecATjVC3X', 13),
(17, 'Chapter 8: Create JavaScript 3D World in 5 Minutes', 'https://youtu.be/cp-H_6VODko?si=_SzpnDmqG4jTNt4n', 13),
(18, 'Chapter 9: 3D Batman Logo with Volumetric Light', 'https://youtu.be/PPlKtHkHkSg?si=cCkkMOvPumVzneLi', 13),
(19, 'Chapter 10: Nebula Cloud Particles Effect Three.js Tutorial', 'https://youtu.be/5f5wwQb22tE?si=1iFxfqzK9ullmYGt', 13),
(20, 'Chapter 11: Three.js Postprocessing Effect Tutorial', 'https://youtu.be/jmld3mIKBIo?si=IngH77erAv0bbHy_', 13),
(21, 'Chapter 12: 3D Space Warp JavaScript Effect ', 'https://youtu.be/Bed1z7f1EI4?si=1KZzcT2deGIVxkIj', 13),
(22, 'Chapter 13: JavaScript Ultra Realistic Reflection Effect - Three.js Tutorial', 'https://youtu.be/Cowu77ZuROk?si=X8S8arOeR9-IadBz', 13),
(23, 'Chapter 14: Three.js Realistic Lighting Setup Tutorial', 'https://youtu.be/7GGNzryHfTw?si=pEVxBfM63yEqmhvP', 13),
(24, 'Chapter 15: Create GameStop Meme with JavaScript | Three.js Tutorial', 'https://youtu.be/zbHgpzrcm1o?si=FcSOzsxonWVWA9gg', 13),
(25, 'Chapter 16: Three.js Realistic Material Reflection Tutorial in 8 Minutes', 'https://youtu.be/aJun0Q0CG_A?si=uDtxDlI1HYhzPPHT', 13),
(26, 'Chapter 17: Conclusion', 'https://youtu.be/u-7SNWeZKk8?si=VaCrkKgEnWJUfz4q', 13),
(27, 'Chapter 2: Learning Figma Components Part 1', 'https://youtu.be/qB2YoIBwYpc?si=rkNvkPxWt855ja-8', 5),
(28, 'Chapter 3: learning Figma Components Part 2', 'https://youtu.be/bQe8bRd1v1Y?si=oPB1rrWJKkfosmv6', 5),
(30, 'Chapter 4: learning Figma Components Part 3', 'https://youtu.be/96seNl1Wm-k?si=MfQeMg0nFE_OV1uq', 5),
(31, 'Chapter 5: learning Figma Components Part 4	', 'https://youtu.be/96seNl1Wm-k?si=QHqcTy1Gqt2pS0fW', 5),
(32, 'Chapter 6: learning Style and Auto Layout', 'https://youtu.be/ZIuSYtRiG6c?si=54NDPPhbxg6nueOy', 5),
(33, 'Chapter 7: Figma Color Theory', 'https://youtu.be/9mmmmCdpSWI?si=ZeaCFpoy27tqVkcB', 5),
(34, 'Chapter 8: Figma Conclusion', 'https://youtu.be/VyHr3QWDBHc?si=h3xoiO947vXeNYXZ', 5),
(35, 'Chapter 2: Figma Designing Part 1', 'https://youtu.be/yQhpRlIO-Rw?si=kBOqZl_MEU97CTgP', 3),
(36, 'Chapter 3: Figma Designing Part 2', 'https://youtu.be/0tH5qJdFc3E?si=YzNy042m_KbxCRo2', 3),
(37, 'Chapter 4: Figma Designing Part 3', 'https://youtu.be/IIFi1trNkd0?si=gb16LF5pvjAnXBgR', 3),
(38, 'Chapter 5: Figma, background, layer blur', 'https://youtu.be/5IILkF7TaC0?si=P31EbTTUSq6q3JVQ', 3),
(39, 'Chapter 6: Figma Loading Animation', 'https://youtu.be/hUJWzErwV64?si=6VaDI284nbwMqoEu', 3),
(40, 'Chapter 7: Figma Carousel', 'https://youtu.be/T048b7Y_Rfw?si=W--H0lbvX2mEoHis', 3),
(41, 'Chapter 8: Conclusion (Figma Zoom In Effect)', 'https://youtu.be/VyHr3QWDBHc?si=2lAO0wEtXkc5sd2J', 3),
(42, 'Chapter 1: Web Design Introduction', 'https://youtu.be/j6Ule7GXaRs?si=YDHxHgWveXRBX3wt', 18),
(43, 'Chapter 2: Introduction to Web Design Episode 1', 'https://youtu.be/C72WkcUZvco?si=VYosy5hZV0Mpd1iK', 18),
(44, 'Chapter 3: Introduction to Web Design Episode 2', 'https://youtu.be/R_gFhRsWLMw?si=HcP2j5Q66NHiJtbX', 18),
(45, 'Chapter 4: Introduction to Web Design Episode 3', 'https://youtu.be/mQeplLGXIY4?si=YGSfq3RqA4ALmN0H', 18),
(46, 'Chapter 5: Introduction to Web Design Episode 4', 'https://youtu.be/OUp7ale49lI?si=Fzwr3QM4NJXKloAt', 18),
(47, 'Chapter 6: Introduction to Web Design Episode 5', 'https://youtu.be/BN8pC91rJaU?si=PmW8Zn-y9Vu622hY', 18),
(48, 'Chapter 7: Introduction to Web Design Episode 6', 'https://youtu.be/TDRhwSfxYkg?si=P1_IEfKNf2A-8d5l', 18),
(49, 'Chapter 8: Introduction to Web Design Episode 7', 'https://youtu.be/UuPt4RpV4Xc?si=oynztxHoe1qju3HJ', 18),
(50, 'Chapter 9: Introduction to Web Design Episode 8', 'https://youtu.be/kOJ4c5THLQk?si=q1H4BM5nnkJ6T8wR', 18),
(51, 'Chapter 10: Conclusion to Web Design', 'https://youtu.be/x3Yno9VUYBY?si=fdSIh6F7yOykkaUl', 18),
(52, 'Chapter 1: Introduction to Professional Web Design', 'https://youtu.be/flAcHu-squc?si=Wa8tfzNlSBdDY95A', 19),
(53, 'Chapter 2: Professional Web Designer', 'https://youtu.be/8A6MxYNooYA?si=r3zAaz6DIFiQy021', 19),
(54, 'Chapter 3: Professional Web Designer', 'https://youtu.be/Cn2KgB_01mE?si=1W5ak-eUj2SJ30Xn', 19),
(55, 'Chapter 4: Professional Web Designer', 'https://youtu.be/ZbQxX7v_dfo?si=lJuKK2plIictBJvt', 19),
(56, 'Chapter 5: Professional Web Designer', 'https://youtu.be/l5orEmE7Pq8?si=NKvqYBHa_V7Apv_u', 19),
(57, 'Chapter 6: Professional Web Designer', 'https://youtu.be/lQzmGrUQUDc?si=hK5A3oyXhiYn4eYB', 19),
(58, 'Chapter 7: Professional Web Designer', 'https://youtu.be/ZliIs7jHi1s?si=YWkFLZR4Gcyb5obU', 19),
(59, 'Chapter 8: Professional Web Designer', 'https://youtu.be/FYOxoJbngAM?si=JFROT53LfevPzTxQ', 19),
(60, 'Chapter 9: Professional Web Designer', 'https://youtu.be/fqDTN24HQqg?si=CY0JPbigF-xNS63E', 19),
(61, 'Chapter 10: Conclusion To Professional Web Designer', 'https://youtu.be/z2t6eRuwbFA?si=IumtdhXMzKMZUIn7', 19),
(62, 'Chapter 2: Coffee Website in HTML and CSS', 'https://youtu.be/Rol0-FXOsms?si=wi7ESwOQRGwy8M44', 2),
(63, 'Chapter 3: Coffee Website in HTML and CSS', 'https://youtu.be/ADhiSLUEQas?si=I9RAlV99UA-Dfdyw', 19),
(64, 'Chapter 4: Coffee Website in HTML and CSS', 'https://youtu.be/tcskp-ncN0I?si=VIPOMePGElrjgows', 2),
(65, 'Chapter 3: Coffee Website in HTML and CSS in SWD', 'https://youtu.be/ADhiSLUEQas?si=VnM8w42E9DPKPmcl', 2),
(66, 'Chapter 5: Coffee Website', 'https://youtu.be/Xuso8gekEdg?si=0462zLdSkj9Rv4I6', 2),
(67, 'Chapter 6: Coffee Website', 'https://youtu.be/SbjpCH0sCqg?si=fChrGPvoVA5tiYrE', 2),
(68, 'Chapter 7: Responsive Portfolio Website using HTML CSS And JavaScript', 'https://youtu.be/gUxIzo3gj-g?si=vaRa3XCLakxuWaGq', 19),
(69, 'Chapter 1: Introduction to Special Web Design', 'https://youtu.be/VPml28EBEI8?si=KV1J_ti_Mj6dc5cx', 20),
(70, 'Chapter 2: How to Create a Simple Website using HTML and CSS', 'https://youtu.be/L9h0pLCtYDo?si=UdJrydYNHzedfgLp', 20),
(71, 'Chapter 3: Design A Simple Website using HTML CSS', 'https://youtu.be/dOdF_YlQcms?si=8bin8i14_8awVWfS', 20),
(72, 'Chapter 4: Design A Simple Website using HTML CSS', 'https://youtu.be/SFjN8INg8xI?si=vP0hzmjNyY7NZ3oD', 20),
(73, 'Chapter 5: Design A Simple Website using HTML CSS', 'https://youtu.be/Ae2nwxun9hw?si=XJSX9hIUV7vXVYR8', 20),
(74, 'Chapter 6: Design A Simple Website using HTML CSS', 'https://youtu.be/Ca2Goj7Aoc4?si=wX1KdRZ3PEuJGKte', 20),
(75, 'Chapter 7: Conclusion To SWD', 'https://youtu.be/alW1J24GHK4?si=oyaX1BYpD47V3sIz', 20),
(83, 'Chapter 1: Introduction to Photoshop', 'https://youtu.be/hD2CPpjQx48?si=prlVTKF_JFtjC4H1', 21),
(84, 'Chapter 2: Beginner level of Graphic & Web Designer.', 'https://youtu.be/pNg-hYJs_Rw?si=G9CEFMFugzvo8BuP', 21),
(85, 'Chapter 3: Beginner level of Graphic & Web Designer.', 'https://youtu.be/VsRK80vZuoY?si=o0SoMToOBsLRK0sc', 21),
(86, 'Chapter 4: Beginner level of Graphic & Web Designer.', 'https://youtu.be/UsNV2Oebz-s?si=rLqUZ1lcYiSkIUzv', 21),
(87, 'Chapter 5: How to cut hair using color range in photoshop', 'https://youtu.be/rGihBctGb6k?si=7hvYBuCiLIFmkuyk', 21),
(88, 'Chapter 6: Content Aware Fill Tutorial', 'https://youtu.be/b8u73ALXqvA?si=jbPWheTaU41hJdbg', 21),
(89, 'How to change the hair color', 'https://youtu.be/Ulmw7SCu6h0?si=Fx-xufvYgMyberZL', 21),
(90, 'Chapter 8: Learning 3D text design from Photoshop', 'https://youtu.be/O6cpfH_FW64?si=iPHZniVh7ar6CdBf', 21),
(91, 'Chapter 9: Learning 3D text design from Photoshop', 'https://youtu.be/_vigNaGv3cg?si=7iF3ZVJEqvG0abho', 21),
(92, 'Chapter 10: Flyer Tutorial with Photoshop - Photoshop ', 'https://youtu.be/3CzUlIskCxU?si=ywhY50wZm1707Cau', 21);

-- --------------------------------------------------------

--
-- Table structure for table `courses`
--

CREATE TABLE `courses` (
  `id` int(11) NOT NULL,
  `name` varchar(255) NOT NULL,
  `image` varchar(255) NOT NULL,
  `description` text DEFAULT NULL,
  `teacher_id` int(11) NOT NULL,
  `created_at` timestamp NOT NULL DEFAULT current_timestamp(),
  `updated_at` timestamp NOT NULL DEFAULT current_timestamp() ON UPDATE current_timestamp()
) ENGINE=InnoDB DEFAULT CHARSET=utf8mb4 COLLATE=utf8mb4_general_ci;

--
-- Dumping data for table `courses`
--

INSERT INTO `courses` (`id`, `name`, `image`, `description`, `teacher_id`, `created_at`, `updated_at`) VALUES
(2, 'Special Web Design (SWD) Dec 2024', 'image_677fdfcd70383.jpg', 'Master the art of creating visually stunning, responsive websites with a focus on user experience (UX) and user interface (UI) design. Learn modern web design principles, accessibility, SEO optimization, and trending techniques to build websites that are both functional and aesthetically pleasing across all devices.', 37, '2024-12-29 05:26:40', '2025-01-09 14:40:13'),
(3, 'Premium UI Design (PUD) Jann 2025', 'image_677c00c5ec8ee.jpg', 'Master advanced UI/UX principles, creating intuitive, user-centered designs. Learn to prototype, conduct user research, and apply modern design tools to build visually appealing, functional, and responsive user interfaces.\n\n', 8, '2025-01-02 16:04:11', '2025-01-09 11:00:02'),
(5, 'Basic UI/UX Design (BUD) Feb 2025', 'image_677c00d281a7f.jpg', 'Learn the fundamentals of UI/UX design, focusing on user-centered design, wireframing, and prototyping. Understand key principles to create simple, effective interfaces that enhance user experience and usability.', 24, '2025-01-02 16:37:34', '2025-01-06 16:12:02'),
(13, 'Three.js', 'image_677fdf9ba974a.jpg', 'Three.js is a JavaScript library for creating 3D graphics in web browsers. It simplifies working with WebGL, allowing developers to build interactive 3D scenes, animations, and visualizations efficiently.', 41, '2025-01-06 14:35:13', '2025-01-09 14:39:23'),
(18, 'Web Design 101', 'image_677fd0f561ecb.jpg', 'Web Design 101 introduces the fundamentals of creating visually appealing, user-friendly websites. Learn essential design principles, responsive layouts, typography, color theory, and tools to craft engaging online experiences.', 36, '2025-01-09 13:36:53', '2025-01-09 13:36:53'),
(19, 'Professional Web Design', 'image_677fdfb5a6f58.jpg', 'Professional web design focuses on creating polished, functional websites tailored to client needs. It emphasizes user experience, branding, advanced design techniques, responsive layouts, SEO optimization, and industry-standard tools for seamless results.', 40, '2025-01-09 13:45:47', '2025-01-09 14:39:49'),
(20, 'Special Web Design (SWD) Jan 2025', 'image_677ff920a8f6a.jpg', 'Special Web Design (SWD) offers cutting-edge, user-centric website solutions tailored for modern businesses. From responsive layouts to interactive interfaces, we prioritize creativity, performance, and seamless user experience to elevate your online presence.', 10, '2025-01-09 14:38:07', '2025-01-09 16:28:16'),
(21, 'Photoshop', 'image_677ff908be231.png', 'Professional web design focuses on creating polished, functional websites tailored to client needs. It emphasizes user experience, branding, advanced design techniques, responsive layouts, SEO optimization, and industry-standard tools for seamless results.', 38, '2025-01-09 16:25:45', '2025-01-09 16:27:52');

-- --------------------------------------------------------

--
-- Table structure for table `enrollments`
--

CREATE TABLE `enrollments` (
  `id` int(11) NOT NULL,
  `student_id` int(11) NOT NULL,
  `section_id` int(11) NOT NULL,
  `amount` int(11) NOT NULL,
  `status` varchar(225) NOT NULL,
  `created_at` timestamp NOT NULL DEFAULT current_timestamp(),
  `updated_at` timestamp NOT NULL DEFAULT current_timestamp() ON UPDATE current_timestamp()
) ENGINE=InnoDB DEFAULT CHARSET=utf8mb4 COLLATE=utf8mb4_general_ci;

--
-- Dumping data for table `enrollments`
--

INSERT INTO `enrollments` (`id`, `student_id`, `section_id`, `amount`, `status`, `created_at`, `updated_at`) VALUES
(1, 17, 31, 6445, 'pending', '2025-01-08 09:25:49', '2025-01-08 09:25:49'),
(2, 17, 17, 350000, 'pending', '2025-01-08 09:26:54', '2025-01-08 09:26:54'),
(3, 7, 1, 0, 'confirmed', '2025-01-08 16:14:47', '2025-01-09 17:13:14'),
(4, 20, 1, 50000, 'confirmed', '2025-01-09 17:17:54', '2025-01-09 17:19:32');

-- --------------------------------------------------------

--
-- Table structure for table `payments`
--

CREATE TABLE `payments` (
  `id` int(11) NOT NULL,
  `enrollment_id` int(11) NOT NULL,
  `payment_type_id` int(11) NOT NULL,
  `student_id` int(11) NOT NULL,
  `amount` decimal(10,2) NOT NULL,
  `evidence_image` varchar(255) DEFAULT NULL,
  `status` enum('pending','confirmed','rejected') NOT NULL,
  `created_at` timestamp NOT NULL DEFAULT current_timestamp(),
  `updated_at` timestamp NOT NULL DEFAULT current_timestamp() ON UPDATE current_timestamp()
) ENGINE=InnoDB DEFAULT CHARSET=utf8mb4 COLLATE=utf8mb4_general_ci;

--
-- Dumping data for table `payments`
--

INSERT INTO `payments` (`id`, `enrollment_id`, `payment_type_id`, `student_id`, `amount`, `evidence_image`, `status`, `created_at`, `updated_at`) VALUES
(1, 1, 9, 17, 6445.00, 'image_677e449d8e6a5.png', 'pending', '2025-01-08 09:25:49', '2025-01-08 09:25:49'),
(2, 2, 10, 17, 350000.00, 'image_677e44de3b7f4.png', 'pending', '2025-01-08 09:26:54', '2025-01-08 09:26:54'),
(3, 3, 9, 7, 0.00, 'image_677ea477ddbcc.jpg', 'confirmed', '2025-01-08 16:14:47', '2025-01-08 17:27:15'),
(4, 4, 10, 20, 50000.00, 'image_678004c21384f.png', 'confirmed', '2025-01-09 17:17:54', '2025-01-09 17:19:32');

-- --------------------------------------------------------

--
-- Table structure for table `payment_types`
--

CREATE TABLE `payment_types` (
  `paymenttypeid` int(11) NOT NULL,
  `paymenttypename` varchar(255) NOT NULL,
  `paymenttypeimage` varchar(255) NOT NULL,
  `created_at` timestamp NOT NULL DEFAULT current_timestamp(),
  `updated_at` timestamp NOT NULL DEFAULT current_timestamp() ON UPDATE current_timestamp()
) ENGINE=InnoDB DEFAULT CHARSET=utf8mb4 COLLATE=utf8mb4_general_ci;

--
-- Dumping data for table `payment_types`
--

INSERT INTO `payment_types` (`paymenttypeid`, `paymenttypename`, `paymenttypeimage`, `created_at`, `updated_at`) VALUES
(9, 'Wave Pay', 'image_6773fd2f76aba.png', '2024-12-31 14:18:23', '2025-01-08 16:25:05'),
(10, 'KBZ Pay', 'image_6776862674441.png', '2025-01-01 08:49:46', '2025-01-05 14:34:36'),
(12, 'PayPal', 'image_677a977d8a9b9.png', '2025-01-05 14:30:21', '2025-01-05 14:30:21');

-- --------------------------------------------------------

--
-- Table structure for table `sections`
--

CREATE TABLE `sections` (
  `id` int(11) NOT NULL,
  `name` varchar(255) NOT NULL,
  `start_date` date NOT NULL,
  `end_date` date NOT NULL,
  `cost` decimal(10,2) NOT NULL,
  `course_ids` longtext CHARACTER SET utf8mb4 COLLATE utf8mb4_bin NOT NULL CHECK (json_valid(`course_ids`)),
  `created_at` timestamp NOT NULL DEFAULT current_timestamp(),
  `updated_at` timestamp NOT NULL DEFAULT current_timestamp() ON UPDATE current_timestamp()
) ENGINE=InnoDB DEFAULT CHARSET=utf8mb4 COLLATE=utf8mb4_general_ci;

--
-- Dumping data for table `sections`
--

INSERT INTO `sections` (`id`, `name`, `start_date`, `end_date`, `cost`, `course_ids`, `created_at`, `updated_at`) VALUES
(1, 'BUD & PUD Batch 1', '2024-12-10', '2025-06-10', 50000.00, '[3,5]', '2024-12-29 13:09:22', '2025-01-09 14:01:50'),
(23, 'SWD Batch 1', '2025-01-09', '2025-08-06', 355000.00, '[2,20]', '2025-01-03 14:22:37', '2025-01-09 14:48:24'),
(33, 'SWD Batch 2', '2025-01-13', '2025-11-19', 450000.00, '[2,20,13]', '2025-01-09 14:52:51', '2025-01-09 14:52:51'),
(34, 'rfhvgtj', '2025-01-29', '2025-01-03', 85000.00, '[2]', '2025-01-09 18:21:20', '2025-01-09 18:21:20');

-- --------------------------------------------------------

--
-- Table structure for table `students`
--

CREATE TABLE `students` (
  `id` int(11) NOT NULL,
  `nrc_id` varchar(50) NOT NULL,
  `date_of_birth` date NOT NULL,
  `gender` enum('male','female','other') NOT NULL,
  `phone_number` varchar(20) DEFAULT NULL,
  `address` text DEFAULT NULL,
  `guardian_name` varchar(255) DEFAULT NULL,
  `guardian_contact` varchar(20) DEFAULT NULL,
  `user_id` int(11) NOT NULL,
  `created_at` timestamp NOT NULL DEFAULT current_timestamp(),
  `updated_at` timestamp NOT NULL DEFAULT current_timestamp() ON UPDATE current_timestamp()
) ENGINE=InnoDB DEFAULT CHARSET=utf8mb4 COLLATE=utf8mb4_general_ci;

--
-- Dumping data for table `students`
--

INSERT INTO `students` (`id`, `nrc_id`, `date_of_birth`, `gender`, `phone_number`, `address`, `guardian_name`, `guardian_contact`, `user_id`, `created_at`, `updated_at`) VALUES
(5, '7/MATHANA(N)000622', '2000-02-19', 'male', '09986732457', 'Mandalay', 'kyaw12', '09440226826', 13, '2024-12-28 09:01:40', '2025-01-05 08:26:03'),
(7, '8/YATHANA(N)385949', '2006-09-04', 'female', '09904689489', 'Myothit, Magway', 'Thet Mon', '09765427586', 17, '2024-12-30 15:42:36', '2025-01-05 08:26:21'),
(15, '8/THARANA(N)00949', '1998-06-05', 'female', '09442498385', 'No (12), Yan Myo Naing, Magway', 'Kyaw Ko Ko ', '09442498385', 29, '2025-01-05 14:00:32', '2025-01-05 14:00:32'),
(18, '12/RANAYA(N)238923', '2005-07-26', 'female', '09983421567', 'Rakaing Division, Arm Township', 'Yu Ya', '09983421567', 42, '2025-01-09 10:24:16', '2025-01-09 10:24:16'),
(19, '7/MADANA(N)119876', '2005-02-01', 'male', '09917498236', 'Mandalay', 'Thet Oo Khin', '09917498236', 43, '2025-01-09 10:26:07', '2025-01-09 10:26:07'),
(20, '9/TADANA(N)872459', '2005-03-01', 'female', '09451278643', 'Taungdwin Gyi', 'Zaw Shu May', '09451278643', 44, '2025-01-09 10:27:51', '2025-01-09 10:27:51'),
(21, '8/MATHANA(N)093472', '2007-06-05', 'male', '09674928132', 'Yangon', 'Aung Zin Oo', '09674928132', 45, '2025-01-09 10:30:56', '2025-01-09 10:30:56'),
(22, '8/MATHANA(N)1666729', '2005-02-09', 'male', '09960125784', 'Minbu', 'Ta Yoke Gyi', '09960125784', 46, '2025-01-09 10:33:05', '2025-01-09 10:33:05'),
(23, '8/THARANA(N)00886', '2005-03-02', 'male', '09432756849', 'Yangon', 'Aung Thu Rein', '09432756849\n', 47, '2025-01-09 10:35:02', '2025-01-09 10:35:02'),
(24, '8/MATHANA(N)085321', '2005-07-29', 'female', '09684132567', 'Taungdwin Gyi', 'Theint Nway', '09684132567', 48, '2025-01-09 10:37:15', '2025-01-09 10:37:15'),
(25, '8/MATHANA(N)762905', '1997-04-04', 'female', '09942789561', 'Yangon', 'Thandar Lynn', '09942789561', 49, '2025-01-09 10:42:41', '2025-01-09 10:42:41'),
(26, '8/THARANA(N)000634', '2004-09-29', 'female', '09485967123', 'Magway Division, Myothit Township, Myothit', 'Than Than Shwe', '09485967123', 50, '2025-01-09 10:45:59', '2025-01-09 10:45:59'),
(27, '8/MATHANA(N)098456', '2008-06-10', 'male', '09693425178', 'Yangon', 'Kyaw ZayYar Htun', '09693425178', 51, '2025-01-09 10:49:23', '2025-01-09 10:49:23');

-- --------------------------------------------------------

--
-- Table structure for table `users`
--

CREATE TABLE `users` (
  `id` int(11) NOT NULL,
  `name` varchar(255) NOT NULL,
  `email` varchar(255) NOT NULL,
  `password` varchar(255) NOT NULL,
  `role` enum('admin','teacher','student') NOT NULL,
  `created_at` timestamp NOT NULL DEFAULT current_timestamp(),
  `updated_at` timestamp NOT NULL DEFAULT current_timestamp() ON UPDATE current_timestamp()
) ENGINE=InnoDB DEFAULT CHARSET=utf8mb4 COLLATE=utf8mb4_general_ci;

--
-- Dumping data for table `users`
--

INSERT INTO `users` (`id`, `name`, `email`, `password`, `role`, `created_at`, `updated_at`) VALUES
(1, 'Admin', 'admin@gmail.com', '$2y$10$oauBHOznGAVTNwmCgcgRcueXNtU4izgEmpRUGqWVC3e66VCNcxcq.', 'admin', '2024-12-26 04:23:16', '2024-12-26 04:23:16'),
(7, 'Thinzar Oo', 'thinzar@gmail.com', '$2y$10$uHn/RURbuBnrRwwbeY1SVeLGHzlvr3Z8F9xT1iA.dsCzk76L2KM4.', 'teacher', '2024-12-26 07:25:52', '2025-01-04 05:42:43'),
(8, 'Nyeint Thinzar Kha', 'nyeint@gmail.com', '$2y$10$PA55MT657WIiTCkvQ/6Qg.YdZ69hG1x0Epl8O9v1Qqa4Owt/xfujy', 'teacher', '2024-12-26 07:26:02', '2025-01-05 13:51:12'),
(10, 'Min Khaing', 'minkhaing@gmail.com', '$2y$10$Q11MQ4qi43IP/.YFJ6i1kukaEUxT0YVPr1tKPDJXEu6e9QOqtaHzS', 'teacher', '2024-12-26 07:38:27', '2025-01-05 13:51:34'),
(13, 'Naing Lin Aung', 'nainglinaung@gmail.com', '$2y$10$6ky0kQvBAcYoCcdnNnmwTOaaiUdRafiCPq5wq/ouqBn0Pg371ttu2', 'student', '2024-12-28 09:01:40', '2025-01-05 13:52:19'),
(15, 'Hnin Lae Wai', 'hninlaewai@gmail.com', '$2y$10$bC7M4lOfC4F76/1RSA9S0u4NL4DzrDlsX7utvLVvrOPIPYcjoOClq', 'teacher', '2024-12-28 12:28:26', '2025-01-05 13:53:05'),
(17, 'Thet Thet Mon', 'thetthetmon.mgaway@gmail.com', '$2y$10$iMFZJnLIoUuC7ucu.GnzCOnFHmgvuch8FRpO1hVJ83xRvJNO2b/Ba', 'student', '2024-12-30 15:42:36', '2025-01-03 12:16:01'),
(24, 'Hein Htet San', 'heinhtetsan@gmail.com', '$2y$10$X5/athrTVuIQncnjZjtE6uwf6piPLnwg1JOZ7.YmkbUFwwu0XJ2Ae', 'teacher', '2025-01-04 02:51:05', '2025-01-04 05:29:16'),
(29, 'Kyaw Ko Ko ', 'kyawkyaw@gmail.com', '$2y$10$Em8sjj3uH9pGPKB1RopZOeprpOC6JzIe3/iaJ7NkIIFgarvuKEehq', 'student', '2025-01-05 14:00:32', '2025-01-05 14:00:32'),
(36, 'Phyoe Pyae Sone', 'pyaesone@gmail.com', '$2y$10$0ip7GnSzC0q8Hj80b3B2XuPPlu4iDnGWPn5l/m1bkpbS4EjGynVJm', 'teacher', '2025-01-09 10:17:24', '2025-01-09 10:17:24'),
(37, 'Htin Shar Aung', 'htinsharaung@gmail.com', '$2y$10$EHUAH2jaivxb2FTE7vH3y.MTszgCWbm.gb.a662d7pH1JGLP94d1a', 'teacher', '2025-01-09 10:17:57', '2025-01-09 10:17:57'),
(38, 'Kyaw Wai Phyoe', 'kyawwaiphyoe@gmail.com', '$2y$10$2zZcCVGmP9aYPI9B9S1hfOlR.beUEgtSLAU1aYeQ7s9PZf76wBXdK', 'teacher', '2025-01-09 10:18:52', '2025-01-09 10:18:52'),
(40, 'Phoo May Thandar', 'phoomay@gmail.com', '$2y$10$A4SWyHgBE8Nu3krmyR8K2.vHUEWdQnX4II7rsKffhngGX3DTPQg7G', 'teacher', '2025-01-09 10:19:48', '2025-01-09 10:19:48'),
(41, 'Lwin Min Thant', 'lwinminthant@gmail.com', '$2y$10$XoLJi8DJnxcKz384t5Bw3uIOA5qEtKEW7Ke1DzOMh6FPqHSuS06cu', 'teacher', '2025-01-09 10:20:24', '2025-01-09 10:20:24'),
(42, 'Hlaing Yuya Aung', 'hlaingyuya986@gmail.com', '$2y$10$1QyzrgmYHYjeyrDv1GBO1uGSnm8gpKISXQbzrWbC5rOE6ouZooh4K', 'student', '2025-01-09 10:24:16', '2025-01-09 10:24:16'),
(43, 'Thet Oo Khin', 'thetookhin@gmail.com', '$2y$10$u6lUqLiGx1JhwDYbD1KqY.FjwS/PP3jYM/6UewGd7Grug90/SbkSW', 'student', '2025-01-09 10:26:07', '2025-01-09 10:26:07'),
(44, 'Zaw Shu May', 'zawshumay@gmail.com', '$2y$10$OmuClFTmX2crPJa2BSDMzueb7vMx6AI/7KCQoHxT97GC781dw5nCq', 'student', '2025-01-09 10:27:51', '2025-01-09 10:27:51'),
(45, 'Aung Zin Oo', 'aungzinoo@gmail.com', '$2y$10$xjcc9Sjs2eV5kMgYQfPAV.POfXSEdl1V6iOk/UGmARdTGvKjdeVI2', 'student', '2025-01-09 10:30:56', '2025-01-09 10:30:56'),
(46, 'Pyae Sone Hein', 'pyaesonehein267@gmail.com', '$2y$10$vuAmc7bbJcJsxLobEEn6cen62Era1.u46f3r7WALIOWpZ/DiQHlFa', 'student', '2025-01-09 10:33:05', '2025-01-09 10:33:05'),
(47, 'Aung Thu Rein', 'aungthurein@gmail.com', '$2y$10$wEEw.4/qlm6N41RfH36T4.Hy6098KLWcTQlId0F./IfqlB80DeL.S', 'student', '2025-01-09 10:35:02', '2025-01-09 10:35:02'),
(48, 'Thein Thein Nway', 'theinttheintnway@gmail.com', '$2y$10$7F2pJqEYC4I5ywfyVUCTvOLLewmTPYtiEy1Zc8tkTSYoKSYrJDf/G', 'student', '2025-01-09 10:37:15', '2025-01-09 10:37:15'),
(49, 'Thandar Lynn', 'thandarlynn@gmail.com', '$2y$10$mE/kcVN/.WePE9Gadz2wE.Ye21ds.3Ra9QvKLkP/kseLl3d60eBZu', 'student', '2025-01-09 10:42:41', '2025-01-09 10:42:41'),
(50, 'Than Than Shwe', 'thanshwe@gmail.com', '$2y$10$Qvn/fY/jxBLYK.i6DQkbsuPY488Nb22eLXYTyqa5dPHEuJJxLptga', 'student', '2025-01-09 10:45:59', '2025-01-09 10:45:59'),
(51, 'Kyaw ZayYar Htun', 'kyawzay@gmail.com', '$2y$10$J72rqqac62g1qLIHdQ3s6eG0Zbyj0Mwu9DeDIsSfShwxgi.lf6OgS', 'student', '2025-01-09 10:49:23', '2025-01-09 10:49:23');

--
-- Indexes for dumped tables
--

--
-- Indexes for table `access_tokens`
--
ALTER TABLE `access_tokens`
  ADD PRIMARY KEY (`id`);

--
-- Indexes for table `chapters`
--
ALTER TABLE `chapters`
  ADD PRIMARY KEY (`id`),
  ADD KEY `fk_course` (`course_id`);

--
-- Indexes for table `courses`
--
ALTER TABLE `courses`
  ADD PRIMARY KEY (`id`);

--
-- Indexes for table `enrollments`
--
ALTER TABLE `enrollments`
  ADD PRIMARY KEY (`id`);

--
-- Indexes for table `payments`
--
ALTER TABLE `payments`
  ADD PRIMARY KEY (`id`);

--
-- Indexes for table `payment_types`
--
ALTER TABLE `payment_types`
  ADD PRIMARY KEY (`paymenttypeid`);

--
-- Indexes for table `sections`
--
ALTER TABLE `sections`
  ADD PRIMARY KEY (`id`);

--
-- Indexes for table `students`
--
ALTER TABLE `students`
  ADD PRIMARY KEY (`id`);

--
-- Indexes for table `users`
--
ALTER TABLE `users`
  ADD PRIMARY KEY (`id`),
  ADD UNIQUE KEY `email` (`email`);

--
-- AUTO_INCREMENT for dumped tables
--

--
-- AUTO_INCREMENT for table `access_tokens`
--
ALTER TABLE `access_tokens`
  MODIFY `id` int(11) NOT NULL AUTO_INCREMENT, AUTO_INCREMENT=231;

--
-- AUTO_INCREMENT for table `chapters`
--
ALTER TABLE `chapters`
  MODIFY `id` int(11) NOT NULL AUTO_INCREMENT, AUTO_INCREMENT=94;

--
-- AUTO_INCREMENT for table `courses`
--
ALTER TABLE `courses`
  MODIFY `id` int(11) NOT NULL AUTO_INCREMENT, AUTO_INCREMENT=23;

--
-- AUTO_INCREMENT for table `enrollments`
--
ALTER TABLE `enrollments`
  MODIFY `id` int(11) NOT NULL AUTO_INCREMENT, AUTO_INCREMENT=5;

--
-- AUTO_INCREMENT for table `payments`
--
ALTER TABLE `payments`
  MODIFY `id` int(11) NOT NULL AUTO_INCREMENT, AUTO_INCREMENT=5;

--
-- AUTO_INCREMENT for table `payment_types`
--
ALTER TABLE `payment_types`
  MODIFY `paymenttypeid` int(11) NOT NULL AUTO_INCREMENT, AUTO_INCREMENT=15;

--
-- AUTO_INCREMENT for table `sections`
--
ALTER TABLE `sections`
  MODIFY `id` int(11) NOT NULL AUTO_INCREMENT, AUTO_INCREMENT=35;

--
-- AUTO_INCREMENT for table `students`
--
ALTER TABLE `students`
  MODIFY `id` int(11) NOT NULL AUTO_INCREMENT, AUTO_INCREMENT=28;

--
-- AUTO_INCREMENT for table `users`
--
ALTER TABLE `users`
  MODIFY `id` int(11) NOT NULL AUTO_INCREMENT, AUTO_INCREMENT=52;

--
-- Constraints for dumped tables
--

--
-- Constraints for table `chapters`
--
ALTER TABLE `chapters`
  ADD CONSTRAINT `fk_course` FOREIGN KEY (`course_id`) REFERENCES `courses` (`id`) ON DELETE CASCADE ON UPDATE CASCADE;
COMMIT;

/*!40101 SET CHARACTER_SET_CLIENT=@OLD_CHARACTER_SET_CLIENT */;
/*!40101 SET CHARACTER_SET_RESULTS=@OLD_CHARACTER_SET_RESULTS */;
/*!40101 SET COLLATION_CONNECTION=@OLD_COLLATION_CONNECTION */;
